handle,lane,followers,why,source,wave,status,dm1_date,dm2_date,agreed,address_ok,sample_sent,posted_date,videos_month,sales_month,commission
@maddigood,Колострум,143.3k,"утренний набор добавок, уже продаёт Arrae",tiktok.com/@maddigood/video/7472368427965959454,1-core,to_contact,,,,,,,,,
@nutritionbymia,Колострум,79.3k,"диетолог (RD) из Майами, снимала колострум",tiktok.com/@nutritionbymia/video/7318511024745762094,1-core,to_contact,,,,,,,,,
@eatswithalee,Колострум,75.3k,"рецепты для кишечника, аффилиат Hilma с кодом",creators_db,1-core,to_contact,,,,,,,,,
@nutritionbyjulie,Колострум,306.5k,"диетолог по кишечнику (IBS), сравнивает порошки",creators_db,1-core,to_contact,,,,,,,,,
@theguthealthmd_,Колострум,43.1k,"врач-гастроэнтеролог, говорит дозами, а не обещаниями",creators_db,1-core,to_contact,,,,,,,,,
@kristina.gut_health_rn,Колострум,18.6k,"медсестра, кишечник, доверие на маленьком масштабе",creators_db,1-core,to_contact,,,,,,,,,
@avoaday,Колострум,52k,"сёстры: кишечник, кожа, гормоны",creators_db,1-core,to_contact,,,,,,,,,
@healthyish_mama,Колострум,~321k,"мама, обзоры средств от вздутия",creators_db,1-core,to_contact,,,,,,,,,
@cynthiamhuang,Колострум,unknown,честный обзор ARMRA,creators_db,1-core,to_contact,,,,,,,,,
@kellyannshuman,Колострум,unknown,ролик про колострум ARMRA,tiktok.com/@kellyannshuman/video/7415635786562882847,1-core,to_contact,,,,,,,,,
@crisnjoki,Колострум,unknown,базовые добавки для женщин,tiktok.com/@crisnjoki/video/7428853495874309381,1-core,to_contact,,,,,,,,,
@wearegirlswhoeat,Колострум,194.4k,"проверка составов для женщин, наш смысл «нечего расшифровывать»",creators_db,1-core,to_contact,,,,,,,,,
@jas_blocker,Пробиотик,26.5k,женское здоровье и красота,creators_db,1-core,to_contact,,,,,,,,,
@balancewithani,Пробиотик,27.9k,"женское здоровье, гормоны",creators_db,1-core,to_contact,,,,,,,,,
@hannnahhmc,Пробиотик,115.8k,женское здоровье,creators_db,1-core,to_contact,,,,,,,,,
@sonia.pcoscoach,Пробиотик,87.4k,"СПКЯ, гормоны",creators_db,1-core,to_contact,,,,,,,,,
@rphreviews,Пробиотик,unknown,"фармацевт, сравнивает пробиотики",tiktok.com/@rphreviews/video/7563738192965291294,1-core,to_contact,,,,,,,,,
@positively_paige,Пробиотик,unknown,обзор женского пробиотика Physician's Choice,creators_db,1-core,to_contact,,,,,,,,,
@abtheaffiliate,Пробиотик,unknown,аффилиат Happy V в TikTok Shop,tiktok.com/@abtheaffiliate/video/7502572251263274270,1-core,to_contact,,,,,,,,,
@daviscustom,Пробиотик,unknown,обзор O Positiv URO с тегами TikTok Shop,tiktok.com/@daviscustom/video/7420930722782825771,1-core,to_contact,,,,,,,,,
@krisseejohn,Пробиотик,88.1k,"медсестра, уже работает с брендом добавок",creators_db,1-core,to_contact,,,,,,,,,
@rootwithrach,Пробиотик,unknown,"гормоны, цикл, СПКЯ",creators_db,1-core,to_contact,,,,,,,,,
@kathykatalyst,Пробиотик,91.6k,"менопауза, женщины 45+",creators_db,1-core,to_contact,,,,,,,,,
@matthewnoconnor,Магний,36k,разбирает дозу и время приёма магния глицината,creators_db,1-core,to_contact,,,,,,,,,
@tasteofnutrition,Магний,142.5k,"диетолог, обзоры магния для сна",creators_db,1-core,to_contact,,,,,,,,,
@nazyfarnoosh,Магний,97.9k,"снимала магний для MaryRuth's, формат GRWM",creators_db,1-core,to_contact,,,,,,,,,
@modhippiehabits,Магний,95.5k,"вечерний моктейль, платные посты New Chapter",creators_db,1-core,to_contact,,,,,,,,,
@geezelouiseeeee,Магний,126.1k,медсестра реанимации на ночных сменах,creators_db,1-core,to_contact,,,,,,,,,
@mads_gainz,Магний,unknown,"мама троих, стек с магнием глицинатом",creators_db,1-core,to_contact,,,,,,,,,
@jenlaurenn,Магний,37.6k,"wellness-влог Нью-Йорк, пробовала магний",creators_db,1-core,to_contact,,,,,,,,,
@marinawrightwellness,Магний,201.4k,кортизол и нервная система,creators_db,1-core,to_contact,,,,,,,,,
@theracheldodge,Магний,24.1k,"гормоны, делает платные посты",creators_db,1-core,to_contact,,,,,,,,,
@simonesharice,Магний,92.6k,"пилатес, «5 добавок для женщин за 30» с магнием",creators_db,1-core,to_contact,,,,,,,,,
@zenjen.meditation,Магний,53.6k,аудитория «успокоиться и уснуть»,creators_db,1-core,to_contact,,,,,,,,,
@_megan.little_,Магний,unknown,"сон после ночных смен, медсестра",creators_db,1-core,to_contact,,,,,,,,,
@ericananglefit,Креатин,134.1k,"«Creatine 101 for girlies», свой код на добавки",creators_db,1-core,to_contact,,,,,,,,,
@laurenhefez,Креатин,161.9k,"пилатес-мама, ежедневная рутина",creators_db,1-core,to_contact,,,,,,,,,
@fithealthymacros,Креатин,unknown (IG 49k),обзоры креатина для женщин с кодом,tiktok.com/@fithealthymacros/video/7248259981122882862,1-core,to_contact,,,,,,,,,
@katie_lynnnnnnnn,Креатин,unknown,эксперимент с креатином до и после,creators_db,1-core,to_contact,,,,,,,,,
@dememalbon,Креатин,unknown,5 недель на креатине,creators_db,1-core,to_contact,,,,,,,,,
@workoutsbywinter,Креатин,unknown,результаты креатина у женщин,creators_db,1-core,to_contact,,,,,,,,,
@brentonrosssimmons,Креатин,24.4k,уже продвигает линейку добавок,creators_db,1-core,to_contact,,,,,,,,,
@cupcakesandbarbells,Креатин,59k,объяснения про питание и силу,creators_db,1-core,to_contact,,,,,,,,,
@coachcelest,Креатин,11.6k,фитнес для женщин 40+,creators_db,1-core,to_contact,,,,,,,,,
@biohacking.babe,"Рутина, все 4",unknown,действующий аффилиат TikTok Shop по wellness,creators_db,1-core,to_contact,,,,,,,,,
@momentswithprecious,"Рутина, все 4",unknown,аффилиат Bloom через жёлтую корзину TikTok Shop,tiktok.com/@momentswithprecious/video/7469790184381484321,1-core,to_contact,,,,,,,,,
@cararosedipietro,"Рутина, все 4",282.5k,"партнёр OLLY по женским витаминам, Нью-Йорк",creators_db,1-core,to_contact,,,,,,,,,
@glutenfreejackie,"Рутина, все 4",291.5k,рутина 5-9 до работы,creators_db,1-core,to_contact,,,,,,,,,
@esnyhannah,"Рутина, все 4",11.4k,"партнёр Bloom, добавки в офисе",creators_db,1-core,to_contact,,,,,,,,,
@mindfulmarlaa,"Рутина, все 4",9.9k,"амбассадор Hilma с кодом, Лос-Анджелес",creators_db,1-core,to_contact,,,,,,,,,
@healthwithhunter,Крупные,476.7k,колострум ARMRA и креатин каждое утро,tiktok.com/@healthwithhunter/video/7317836460864851230,1-anchor,to_contact,,,,,,,,,
@thewellnesspharm,Крупные,330.7k,фармацевт: добавки для сна и тревоги,tiktok.com/@thewellnesspharm/video/7348645601577389355,1-anchor,to_contact,,,,,,,,,
@jayrianicole,Крупные,832.7k,партнёр Happy V (пробиотик),tiktok.com/@jayrianicole/video/7453168976651128106,1-anchor,to_contact,,,,,,,,,
@sarahebaus,Крупные,1M,тестировала креатин для женщин и отчитывалась,tiktok.com/@sarahebaus/video/7489976392260668718,1-anchor,to_contact,,,,,,,,,
@trainbloom,Крупные,980.6k,"разоблачил креатиновые мармеладки без креатина, честный состав",tiktok.com/@trainbloom/video/7631244986494799117,1-anchor,to_contact,,,,,,,,,
@foodiesushiqueen,Крупные,708.7k,активный аффилиат TikTok Shop по женским добавкам (Arrae),creators_db,1-anchor,to_contact,,,,,,,,,
