handle,platform,followers_approx,niche,fit_tier,why_fit,contact_path,source_url,date_checked
@balancewithani,TikTok,"27.9k (Feedspot, 2026 list)",female health / hormone wellness,A,nano female-health creator squarely in calm/wellness lane,TikTok DM,https://creators.feedspot.com/female_health_tiktok_influencers/,2026-09-08
@hannnahhmc,TikTok,"115.8k (Feedspot, 2026 list)",female health,A,micro female-health creator in target size band,TikTok DM,https://creators.feedspot.com/female_health_tiktok_influencers/,2026-09-08
@itsnasg,TikTok,37.9k (2026-09),TikTok Shop supplement reviews / ADHD community,C,TikTok Shop gummy-review series incl lions mane; but bio suggests UK-based (London pop-ups) - verify US eligibility,TikTok DM,https://www.tiktok.com/@itsnasg/video/7290155421426306336,2026-09-08
@adridiaries,TikTok,"750.3k TT (2026-09, stale - left TikTok)","""that girl"" morning routine",C,"Bloom-partner that-girl routines; announced final TikTok post, now active on IG @adridiaries_",IG DM (@adridiaries_),https://www.tiktok.com/@adridiaries/video/7482065161956707630,2026-09-08
@ruthswingler,TikTok,14.3k (2026-09),moms energy,A,nano girl-mom creator posting natural energy drinks for exhausted moms,TikTok DM,https://www.tiktok.com/@ruthswingler/video/7489641028484369694,2026-09-08
@_cor_miller,TikTok,unknown,crunchy mom supplements,A,daily supplement guides for natural-wellness moms,TikTok DM,https://www.tiktok.com/@_cor_miller/video/7484198214573313311,2026-09-08
@thatmomabigail,TikTok,"264.2k (netinfluencer, stale)",ADHD mom life,A,ADHD mom creator in size range; overstimulation/energy topics map to magnesium+saffron,TikTok DM,https://www.netinfluencer.com/top-neurodivergent-influencers/,2026-09-08
@habitsofagoddess,TikTok,unknown,wellness habits,A,LMNT affiliate (free sample code) posting habit/wellness content,TikTok DM,https://www.tiktok.com/discover/lmnt-promo,2026-09-08
@amateurfoodalchemist,TikTok,unknown,functional food / adaptogens,B,RYZE mushroom coffee affiliate (code CARAB15); explains adaptogens,TikTok DM,https://www.tiktok.com/@amateurfoodalchemist/video/7264260253418655019,2026-09-08
@daniwebb74,TikTok,unknown,40+ wellness,B,RYZE affiliate review; midlife female audience,TikTok DM,https://www.tiktok.com/@daniwebb74/video/7548515337642331447,2026-09-08
@peculiarflow,TikTok,unknown,wellness,B,RYZE affiliate with 15% code,TikTok DM,https://www.getsaral.com/academy/ryze-influencer-marketing-program,2026-09-08
@wanderwithgaby,TikTok,unknown,travel + wellness,B,RYZE affiliate with 15% code,TikTok DM,https://www.getsaral.com/academy/ryze-influencer-marketing-program,2026-09-08
@meghanpummell,TikTok,unknown,wellness,B,RYZE affiliate with 15% code,TikTok DM,https://www.getsaral.com/academy/ryze-influencer-marketing-program,2026-09-08
@iamkaleah,Instagram,"95k (Social Cat, 2025)",fitness / parenting / health,B,micro reels creator with 37.9% engagement per Social Cat,IG DM,https://thesocialcat.com/influencers/tiktok-health,2026-09-08
@emonthebrain,TikTok,unknown,mental health science,B,science-backed mental-health explainers fit calm/focus SKUs,TikTok DM,https://hypefy.ai/blog/health-influencers-tiktok,2026-09-08
@kyleinspires,TikTok,unknown,motivation + supplements,B,posts lions mane focus gummies shoppable content,TikTok DM,https://www.tiktok.com/@kyleinspires/video/7568214766544538894,2026-09-08
@dailydri,TikTok,unknown,"""that girl"" aesthetic",B,wellness morning routine aesthetic videos,TikTok DM,https://www.tiktok.com/@dailydri/video/7143591527372082474,2026-09-08
@kaylieestewart,TikTok,unknown,healthy girl lifestyle,B,healthy girl summer / morning-in-my-life content,TikTok DM,https://www.tiktok.com/@kaylieestewart/video/7247611675103202566,2026-09-08
@kaelimaee,TikTok,unknown,"""that girl"" morning routine",B,aesthetic morning routine compilations,TikTok DM,https://www.tiktok.com/@kaelimaee/video/7241622256609332526,2026-09-08
@emmabrown0121,TikTok,unknown,mom wellness / longevity,B,mom-energy NMN affiliate with discount code,TikTok DM,https://www.tiktok.com/@emmabrown0121/video/7647216158873046302,2026-09-08
@mainstmuse,TikTok,unknown,lifestyle / insomnia,B,posted own sleepy girl mocktail recipe (self-described insomniac),TikTok DM,https://www.tiktok.com/@mainstmuse/video/7321419547179994414,2026-09-08
@shannonsaint3,TikTok,unknown,wellness,B,magnesium mocktail for sleep content,TikTok DM,https://www.tiktok.com/@shannonsaint3/video/7326663302203985194,2026-09-08
@naturallyzuzu,TikTok,unknown,yoga mom / organic living,B,did sponsored mushroom-coffee morning routine (Kroger partner),TikTok DM,https://www.tiktok.com/@naturallyzuzu/video/7137440534997650730,2026-09-08
@abbybaffoe,TikTok,unknown,natural beauty / sea moss,B,sea moss inside-out glow content,TikTok DM,https://www.tiktok.com/@abbybaffoe/video/7367437040679390506,2026-09-08
@kiara_hammond,TikTok,unknown,postpartum weight loss / sea moss,B,daily sea moss energy+gut content,TikTok DM,https://www.tiktok.com/@kiara_hammond/video/7513973475048951096,2026-09-08
@nutrition.daily,TikTok,unknown,dietitian nutrition tips,B,electrolyte drink recipes / hydration tips,TikTok DM,https://www.tiktok.com/@nutrition.daily/video/7128368590344047915,2026-09-08
@tiaraagls,TikTok,unknown,yoga + matcha ritual,B,morning yoga and matcha wellness ritual content,TikTok DM,https://www.tiktok.com/@tiaraagls/video/7513524335005519160,2026-09-08
@kathleen.post,TikTok,unknown,matcha morning routine,B,morning matcha ritual content,TikTok DM,https://www.tiktok.com/@kathleen.post/video/7559962741067222286,2026-09-08
@shaynas.kitchen,TikTok,unknown,gut-healthy recipes / matcha,B,organic matcha + gut-healing recipe brand-creator,TikTok DM,https://www.tiktok.com/@shaynas.kitchen/video/7540306926882573599,2026-09-08
@trainwithjk,TikTok,unknown,fitness + sleep supplements,B,posted sleeping-supplement review,TikTok DM,https://www.tiktok.com/@trainwithjk/video/7619147950161153311,2026-09-08
@sleeporacles,TikTok,unknown,sleep niche account,B,dedicated sleep content account,TikTok DM,https://www.tiktok.com/@sleeporacles,2026-09-08
@deasiapowell,TikTok,unknown,wellness / greens,B,Bloom Nutrition affiliate code DEASIA,TikTok DM,https://www.tiktok.com/discover/bloom-greens-superfoods-promo-code,2026-09-08
@eliseseats,TikTok,unknown,food + wellness,B,Bloom Nutrition affiliate code ELISESEATS,TikTok DM,https://www.tiktok.com/discover/bloom-greens-superfoods-promo-code,2026-09-08
@daniolafs,TikTok,unknown,wellness,B,LMNT referral link creator,TikTok DM,https://www.tiktok.com/discover/lmnt-promo,2026-09-08
@morganchompz,TikTok,"446.6k (Famous Birthdays, 2026-09)",TikTok Shop food/wellness reviews,B,reviewed True Sea Moss gummies with #tiktokshopfinds #tiktokshopcreatorpicks; slightly above size band,TikTok DM,https://www.tiktok.com/@morganchompz/video/7493260830578855211,2026-09-08
@fattestedtravel,TikTok,unknown,snack/product reviews,C,did sea moss gummies review but core niche is food reviews,TikTok DM,https://www.tiktok.com/@fattestedtravel/video/7515051150387776798,2026-09-08
@gracie_norton,TikTok,"~1M+ (large, unverified)",wellness / hormone health,C,originator-popularizer of sleepy girl mocktail; above size band but strategic,TikTok DM,https://en.wikipedia.org/wiki/Sleepy_girl_mocktail,2026-09-08
@ainsley_rodriguez,TikTok,"~1M+ (large, unverified)",fitness women,C,posted sleepy girl mocktail; above size band,TikTok DM,https://www.tiktok.com/@ainsley_rodriguez/video/7518184371359157534,2026-09-08
@kaylagresh,TikTok,1.8M (2026-09),mom / home / ASMR routines,C,posted sleepy girl mocktail w/ Amazon storefront; way above size band,TikTok DM,https://www.tiktok.com/@kaylagresh/video/7293972130968964395,2026-09-08
@meg.boggs,TikTok,"861.3k (Feedspot, 2026 list)",body-positive mom fitness,C,good niche but above size band,TikTok DM,https://creators.feedspot.com/female_health_tiktok_influencers/,2026-09-08
@caitliniola,TikTok,unknown,tired toddler mom GRWM,C,mom audience but beauty-first content,TikTok DM,https://www.tiktok.com/@caitliniola/video/7485142195121442103,2026-09-08
@okayyyjess,TikTok,unknown,mom recipes,C,tired-mom recipe content; fringe supplement fit,TikTok DM,https://www.tiktok.com/@okayyyjess/video/7591300185855151415,2026-09-08
@dr.mamina,TikTok,unknown,dermatologist,C,covered sea moss for skin; expert not lifestyle creator,TikTok DM,https://www.tiktok.com/@dr.mamina/video/7558122878663724302,2026-09-08
@wokk097,TikTok,unknown,trucker lifestyle,C,posted lions mane focus gummies but off-niche audience,TikTok DM,https://www.tiktok.com/@wokk097/video/7525042424935157023,2026-09-08
@geenaildefonso,TikTok,unknown,sleep/health tips,C,sleep-tips video credited by doctor account,TikTok DM,https://www.tiktok.com/@doctorsood/video/7546326301498445069,2026-09-08
@ariellelorre,TikTok,"~300k+ (large, unverified)",wellness lifestyle podcast,C,matcha/wellness content; likely at top of size band,TikTok DM,https://dearmedia.com/tiktok-wellness-influencers/,2026-09-08
@catieosaurus,TikTok,"~2M (large, stale)",ADHD advocacy,C,leading ADHD voice; above size band,TikTok DM,https://www.silkandsonder.com/blogs/news/10-adhd-tiktok-accounts-to-follow,2026-09-08
@connordewolfe,TikTok,"5.2M (netinfluencer, stale)",ADHD comedy,C,way above size band,TikTok DM,https://www.netinfluencer.com/top-neurodivergent-influencers/,2026-09-08
@danidonovan,TikTok,unknown,ADHD comics/productivity,C,ADHD authority; content is comics not supplements,TikTok DM,https://izea.com/resources/content-creators-with-adhd/,2026-09-08
@laurendrainfit,TikTok,"629.8k (Feedspot, 2026 list)",nurse + fitness,C,above size band,TikTok DM,https://creators.feedspot.com/health_and_fitness_tiktok_influencers/,2026-09-08
@amber_c_fitness,TikTok,"941.8k (Feedspot, 2026 list)",women fitness / weight loss,C,above size band,TikTok DM,https://creators.feedspot.com/weight_loss_tiktok_influencers/,2026-09-08
@moveswithmaci,TikTok,458.9k (2026-09),gym girl supplements,C,"gym-girl supplement stacks; likely UK-based (Oner Active, kg, programmes) - verify US eligibility",TikTok DM,https://www.tiktok.com/@moveswithmaci/video/7358120214996798752,2026-09-08
@ericananglefit,TikTok,134.1k (2026-09),women's fitness education,A,Nashville hybrid-athlete girl; Creatine-101-for-girlies + runs supplement discount code,TikTok DM,https://www.tiktok.com/@ericananglefit/video/7277995566145998086,2026-09-08
@marinawrightwellness,TikTok,201.4k (2026-09),cortisol / adrenal health,A,functional nutrition practitioner; cortisol/adrenal + nervous-system content - direct calm-SKU fit,TikTok DM,https://www.tiktok.com/@marinawrightwellness/video/7302894912201182466,2026-09-08
@theracheldodge,TikTok,24.1k (2026-09),hormone health,A,nano hormone-health creator; adrenal mocktails; already does paid brand posts (Vita Coco),TikTok DM,https://www.tiktok.com/@theracheldodge/video/7437978206411476267,2026-09-08
@ebbymoyer,TikTok,1.4M (2026-09),women's wellness education,C,holistic/nontoxic living creator; adrenal cocktail explainers; way above size band,TikTok DM,https://www.tiktok.com/@ebbymoyer/video/7364579914793700654,2026-09-08
@laurenhefez,TikTok,161.9k (2026-09),pilates + mom wellness,A,pilates/fitness mom (lunches+workouts); daily adrenal cocktail content,TikTok DM,https://www.tiktok.com/@laurenhefez/video/7236009494956854571,2026-09-08
@jacialisontodd,TikTok,unknown,holistic wellness,B,adrenal cocktail recipe content,TikTok DM,https://www.tiktok.com/@jacialisontodd/video/7450245113189518635,2026-09-08
@wearegirlswhoeat,TikTok,194.4k (2026-09),women's nutrition / supplement vetting,A,non-toxic living / ingredient-vetting for women; reviews ashwagandha+supplement quality,TikTok DM,https://www.tiktok.com/@wearegirlswhoeat/video/7205748890295979307,2026-09-08
@kappakappatae,TikTok,unknown,anxiety self-care,B,CVS ashwagandha anxiety-relief review,TikTok DM,https://www.tiktok.com/@kappakappatae/video/7183935493078289706,2026-09-08
@millennialrx,TikTok,unknown,pharmacist explainers,B,pharmacist reviewing ashwagandha for anxiety — credibility angle,TikTok DM,https://www.tiktok.com/@millennialrx/video/7167149729925631275,2026-09-08
@glutenfreejackie,TikTok,291.5k (2026-09),5-to-9 wellness routine,A,5-9-before-9-5 wellness routine girl at top of target size band,TikTok DM,https://www.tiktok.com/@glutenfreejackie/video/7400753799272451374,2026-09-08
@chaseridgewayy,TikTok,435.4k (2026-09),"""that girl"" 5am routine",B,serialized 5-9 morning-routine episodes; Austin TX; male but routine/wellness audience,TikTok DM,https://www.tiktok.com/@chaseridgewayy/video/7484011847318768942,2026-09-08
@whitneygrett,TikTok,unknown,corporate girl morning routine,B,9-5 morning routine content,TikTok DM,https://www.tiktok.com/@whitneygrett/video/7478843726773701931,2026-09-08
@abigailparkinson_,TikTok,unknown,sleep + anxiety vitamins,A,posts essential-vitamins-for-sleep/anxiety content,TikTok DM,https://www.tiktok.com/@abigailparkinson_/video/7455308202410790177,2026-09-08
@shelbysacco5,TikTok,"~1M+ (large, unverified)",habit change / cycle syncing,C,huge habit-science creator; posted hormone-balance supplement content; above size band,TikTok DM,https://www.tiktok.com/@shelbysacco5/video/7511504164623781166,2026-09-08
@jackiesbooktally,TikTok,unknown,booktok + cozy wellness,B,organic Nello SuperCalm rave (magnesium+L-theanine drink),TikTok DM,https://www.tiktok.com/@jackiesbooktally/video/7438738802958519598,2026-09-08
@chiomaadavido,TikTok,unknown,TikTok Shop deals / cleantok,A,posts sponsored TikTok Shop supplement content (Nello) with TTS hashtags — active TTS affiliate,TikTok DM,https://www.tiktok.com/@chiomaadavido/video/7436501423237418283,2026-09-08
@ashmartodam,TikTok,unknown,sleep product reviews,B,Beam Dream sleep powder review,TikTok DM,https://www.tiktok.com/@ashmartodam/video/7594214415285685535,2026-09-08
@its.kellybrowning,TikTok,unknown,everyday wellness reviews,B,Everyday Dose mushroom coffee review,TikTok DM,https://www.tiktok.com/@its.kellybrowning/video/7218357431749889323,2026-09-08
@thedreadheadkat,TikTok,unknown,lifestyle reviews,B,Everyday Dose honest review,TikTok DM,https://www.tiktok.com/@thedreadheadkat/video/7279129142119959850,2026-09-08
@iamblakeley,TikTok,216.5k (2026-09),supplement explainers,B,artist-in-recovery wellness angle; did Magnesi-Om magnesium review with education,TikTok DM,https://www.tiktok.com/@iamblakeley/video/7241247051604970795,2026-09-08
@tasteofnutrition,TikTok,142.5k (2026-09),nutrition science reviews,A,registered dietitian (Katey Davidson) reviewing magnesium sleep supplements - trust voice,TikTok DM,https://www.tiktok.com/@tasteofnutrition/video/7212344977618160901,2026-09-08
@taylorflesherr,TikTok,unknown,sleep supplement comparisons,A,compares magnesium powders (Moon Juice vs Moon Brew),TikTok DM,https://www.tiktok.com/@taylorflesherr/video/7332228658330996011,2026-09-08
@jenlaurenn,TikTok,37.6k (2026-09),wellness vlogger,A,NYC wellness+workout vlogger; tried Magnesi-Om sleep powder; also strong on YouTube,TikTok DM,https://www.tiktok.com/@jenlaurenn/video/7249798917309615403,2026-09-08
@byfredanyona,TikTok,unknown,viral wellness trials,B,tests viral sleep supplements (placebo-or-not framing),TikTok DM,https://www.tiktok.com/@byfredanyona/video/7321410742593408261,2026-09-08
@_megan.little_,TikTok,unknown,night-shift nurse routines,A,night-shift sleep routine content — sleep SKU natural fit + nurse trust,TikTok DM,https://www.tiktok.com/@_megan.little_/video/7541085948394753335,2026-09-08
@lucapaolucci__,TikTok,unknown,night-shift sleep hacks,B,"magnesium glycinate ""night shift sleep cheat code"" video",TikTok DM,https://www.tiktok.com/@lucapaolucci__/video/7585728340112313630,2026-09-08
@vanessafaga,TikTok,unknown,pink pilates princess routine,B,pilates princess morning routine aesthetic,TikTok DM,https://www.tiktok.com/@vanessafaga/video/7328093106337811718,2026-09-08
@meag.reviews,TikTok,unknown,TikTok Shop product reviews,B,honest Goli ashwagandha review; review-account format,TikTok DM,https://www.tiktok.com/@meag.reviews/video/7446154914058734879,2026-09-08
@vibin_with_glamma,TikTok,unknown,grandma/mom wellness reviews,B,Goli TTS review with #tiktokshop tags; older-mom audience,TikTok DM,https://www.tiktok.com/@vibin_with_glamma/video/7475103952430779694,2026-09-08
@jenniferhall_89,TikTok,unknown,sample reviews,B,#tiktoksample Goli review — active sample-program creator,TikTok DM,https://www.tiktok.com/@jenniferhall_89/video/7534434183314214174,2026-09-08
@_kaylee_otto,TikTok,unknown,women's mood/hydration drinks,B,Mixhers HerPower mind+mood drink review,TikTok DM,https://www.tiktok.com/@_kaylee_otto/video/7106867632502017326,2026-09-08
@sam.shan.shops,TikTok,unknown,ASMR healthy fridge restock,B,aesthetic healthy restock content — natural product placement format,TikTok DM,https://www.tiktok.com/@sam.shan.shops/video/7541496285593963783,2026-09-08
@philsmypharmacist,TikTok,2.1M (2026-09),pharmacist supplement advice,C,pharmacist doing TTS creator-picks sleep gummies; above size band,TikTok DM,https://www.tiktok.com/@philsmypharmacist/video/7574255741796617527,2026-09-08
@drcourtneypare,TikTok,unknown,therapist / anxiety supplements,B,covers supplements for anxiety+OCD racing thoughts,TikTok DM,https://www.tiktok.com/@drcourtneypare/video/7132646960045116718,2026-09-08
@thewickedwitch111,TikTok,unknown,women anxiety / caffeine,B,posts on L-theanine + caffeine for women via TikTok Shop,TikTok DM,https://www.tiktok.com/@thewickedwitch111/video/7429978875855162670,2026-09-08
@ashgregs,TikTok,unknown,sleep product trials,B,OLLY sleep gummies one-night review format,TikTok DM,https://www.tiktok.com/@ashgregs/video/7490592604757773599,2026-09-08
@yescoffeenodecaf,TikTok,unknown,coffee-girl wellness,B,Natural Calm magnesium powder fan content,TikTok DM,https://www.tiktok.com/@yescoffeenodecaf/video/7153627821426920709,2026-09-08
@laurenannewellness,TikTok,unknown,morning routine energy,A,wellness-branded handle; effective-morning-routine-for-energy content,TikTok DM,https://www.tiktok.com/@laurenannewellness/video/7592620524493229368,2026-09-08
@kokoliciouskoko,TikTok,unknown,mom of 3 routines,B,4:30am mom-of-3 morning routine transformation content,TikTok DM,https://www.tiktok.com/@kokoliciouskoko/video/7433756263089081606,2026-09-08
@coffee4lifesage,TikTok,unknown,mom of 3 mornings + coffee,B,mom-of-3 morning routine w/ newborn; coffee-lover angle for mushroom coffee,TikTok DM,https://www.tiktok.com/@coffee4lifesage/video/7428267065359879467,2026-09-08
@courtneyadhd,TikTok,422.5k (2026-09),ADHD women,B,ADHD coach (Courtney Carini); slightly above size band but perfect focus-SKU niche,TikTok DM,https://www.tiktok.com/@courtneyadhd/video/7055839619346189615,2026-09-08
@jillian.rogue,TikTok,unknown,late-diagnosed ADHD women,A,explains late-diagnosed ADHD in women,TikTok DM,https://www.tiktok.com/@jillian.rogue/video/7542965322995830046,2026-09-08
@sez.thesahm,TikTok,unknown,SAHM + ADHD life,A,stay-at-home-mom ADHD creator — moms-energy x focus overlap,TikTok DM,https://www.tiktok.com/@sez.thesahm,2026-09-08
@forevergrowingtherapy,TikTok,unknown,ADHD therapist,B,therapist-with-ADHD account,TikTok DM,https://www.tiktok.com/@forevergrowingtherapy,2026-09-08
@dallascaroline,TikTok,unknown,glow-up beauty/wellness tips,B,25-wellness-tips listicle format with Amazon storefront links,TikTok DM,https://www.tiktok.com/@dallascaroline/video/7447971279220575519,2026-09-08
@jazturner16,TikTok,unknown,30-day glow-up routines,B,structured glow-up plan content,TikTok DM,https://www.tiktok.com/@jazturner16/video/7202713534818520363,2026-09-08
@elysian.living,TikTok,unknown,cozy self-care nights,B,cozy fall night-routine self-care content — evening/sleep placement,TikTok DM,https://www.tiktok.com/@elysian.living/video/7560099543287614751,2026-09-08
@healthyish_mama,TikTok,~321k (2026-09),mom gut-health reviews,B,SAHM realistic-health creator; reviews debloat supplements; just above size band,TikTok DM,https://www.tiktok.com/@healthyish_mama/video/7415275804025720094,2026-09-08
@meg_hudson24_,TikTok,unknown,gut health products,B,gut-health supplement recommendation content,TikTok DM,https://www.tiktok.com/@meg_hudson24_/video/7270737479945293089,2026-09-08
@foodiesushiqueen,TikTok,708.7k (2026-09),TikTok Shop women's supplements,B,SF foodie doing active TTS women-supplement affiliate posts (Arrae); above size band but proven TTS seller,TikTok DM,https://www.tiktok.com/@foodiesushiqueen/video/7437232619487726894,2026-09-08
@nutritionbyjulie,TikTok,306.5k (2026-09),gut-health dietitian,A,IBS/gut-health dietitian mom at edge of size band; ranks greens powders — credible voice,TikTok DM,https://www.tiktok.com/@nutritionbyjulie/video/7197801018640387370,2026-09-08
@camisophiaaaa,TikTok,unknown,sunday reset routines,B,ultimate self-care reset routine content,TikTok DM,https://www.tiktok.com/@camisophiaaaa/video/7596707937758874902,2026-09-08
@clararpeirce,TikTok,unknown,reset vlogs,B,sunday reset clean-with-me vlogs,TikTok DM,https://www.tiktok.com/@clararpeirce/video/7656607041678511391,2026-09-08
@megslifebelike,TikTok,unknown,self-care sunday,B,self-care routine vlogs,TikTok DM,https://www.tiktok.com/@megslifebelike/video/7423197357204000046,2026-09-08
@chelsraecollins,TikTok,unknown,reset + self-care vlogs,B,sunday reset routine vlogs,TikTok DM,https://www.tiktok.com/@chelsraecollins/video/7615064873235516702,2026-09-08
@jayrianicole,TikTok,unknown,cooking + self-care,C,sunday cooking/self-care content; food-first,TikTok DM,https://www.tiktok.com/@jayrianicole/video/7326723601808330026,2026-09-08
@olivianoceda,TikTok,unknown (likely large; multi-million-view videos),wellness recipes / sober-curious,B,sleepy girl mocktail sober-october recipe content,TikTok DM,https://www.tiktok.com/@olivianoceda/video/7429431469438848302,2026-09-08
@maddison__lynn,TikTok,unknown,sleep + lifestyle,B,sleepy girl mocktail for better sleep content,TikTok DM,https://www.tiktok.com/@maddison__lynn/video/7309319149258345770,2026-09-08
@monetzamora_,Instagram,unknown,morning supplement routine reels,B,posts personal morning supplement stack reels,IG DM,https://www.instagram.com/monetzamora_/reel/DH9GrCePa4j/,2026-09-08
@biohacking.babe,TikTok,unknown,biohacking mom finds (TTS affiliate),A,active TikTok Shop affiliate account with #TikTokShopCreatorPicks wellness/beauty posts; millennial-mom angle,TikTok DM,https://www.tiktok.com/@biohacking.babe/video/7620093903340965151,2026-09-08
@ale.reeg,TikTok,unknown,protein coffee (bilingual EN/ES),B,proffee recipes with brand tags + Amazon finds; Latina crossover audience,TikTok DM,https://www.tiktok.com/@ale.reeg/video/7351076631361981739,2026-09-08
@mealsandmunchies,TikTok,unknown,healthy quick recipes,B,iced protein coffee morning-boost content,TikTok DM,https://www.tiktok.com/@mealsandmunchies/video/7488768906945924394,2026-09-08
@dianaruizfitness,TikTok,"399.7k (Heepsy, 2025 list, stale)",women fitness,B,women-fitness creator just above band,TikTok DM,https://www.heepsy.com/top-tiktok/wellness/united-states,2026-09-08
@theallenye,TikTok,"410.9k (Heepsy, 2025 list, stale)",NYC health/fitness,C,health+fitness generalist; male; above band,TikTok DM,https://www.heepsy.com/top-tiktok/wellness/united-states,2026-09-08
@stephgrassodietitian,TikTok,"2M+ (mmm-online, stale)",dietitian,C,evidence-based nutrition mega-creator; anchor/aspirational only,TikTok DM,https://www.mmm-online.com/home/channel/here-are-the-top-self-care-and-wellness-influencers-on-tiktok/,2026-09-08
@micheline.maalouf,TikTok,unknown,licensed therapist / anxiety,C,anxiety+ADHD therapist content; expert voice above typical affiliate profile,TikTok DM,https://goatagency.com/blog/wellness-influencers/,2026-09-08
@justin_agustin,TikTok,unknown (large),sleep techniques / fitness,C,military-sleep-method viral sleep creator; likely above band,TikTok DM,https://goatagency.com/blog/wellness-influencers/,2026-09-08
@hollyhaganx,TikTok,unknown (large),UK reality TV / sea moss,C,promotes sea moss gummies but UK-based - not TTS US eligible,TikTok DM,https://www.tiktok.com/@hollyhaganx/video/7362261733378952481,2026-09-08
@simonesharice,TikTok,92.6k (2026-09),pilates + women 30s supplements,A,Atlanta pilates instructor; posts 5-supplements-for-women-30s incl magnesium; Black-girl-wellness reach,TikTok DM,https://www.tiktok.com/@simonesharice/video/7527778449218424094,2026-09-08
@healthwithnyrah,TikTok,549.8k (2026-09),pharmacist women vitamins,B,pharmacist listing essential women vitamins incl magnesium glycinate; above band,TikTok DM,https://www.tiktok.com/@healthwithnyrah/video/7486908173320801558,2026-09-08
@aggie.biohackingbestie,TikTok,unknown,biohacking for women,A,female biohacking-bestie account - biohacking-lite core profile,TikTok DM,https://www.tiktok.com/@aggie.biohackingbestie,2026-09-08
@drshammitheesan,TikTok,unknown,doctor women 30s-40s supplements,C,MD supplement guidance for women; expert not affiliate profile,TikTok DM,https://www.tiktok.com/@drshammitheesan/video/7225515749324885249,2026-09-08
@eatswithalee,TikTok,75.3k (2026-09),gut health / recipes affiliate,A,Hilma affiliate with code EATSWITHALE20 (20% off); gut-health smoothie recipes; functional-medicine health coach (Ale Lubezki),TikTok DM,https://www.tiktok.com/@eatswithalee/video/7358608635234372910,2026-09-10
@mindfulmarlaa,TikTok,9.9k (2026-09),wellness / easy healthy meals,A,#hilmaambassador with code MARLA20; LA-based; nano with code-posting history - prime for better commission,TikTok DM,https://www.tiktok.com/@mindfulmarlaa/video/7130680303068187950,2026-09-10
@esnyhannah,TikTok,11.4k (2026-09),office wellness / energy drinks,A,#Bloompartner posting Bloom energy at the office; nano affiliate already in supplement partner programs,TikTok DM,https://www.tiktok.com/@esnyhannah/video/7516975979172990238,2026-09-10
@nazyfarnoosh,TikTok,97.9k (2026-09),that girl / GRWM wellness,A,#maryruthpartner magnesium video; LA creator; LTK affiliate; WFH-GRWM format fits calm/sleep SKUs,TikTok DM,https://www.tiktok.com/@nazyfarnoosh/video/7204568741571530027,2026-09-10
@katieyovin,TikTok,180.6k (2026-09),mom energy / healthy recipes,A,Orange County CA mom-workouts creator; posts DIY electrolyte drink for milk supply - electrolytes SKU 1-to-1,TikTok DM,https://www.tiktok.com/@katieyovin/video/7425408682923429151,2026-09-10
@itsbrookeelle,TikTok,214.2k (2026-09),cortisol / fitness women,A,SoCal creator documenting cortisol-face recovery journey; perfect narrative fit for saffron/magnesium calm stack,TikTok DM,https://www.tiktok.com/@itsbrookeelle/video/7385321424220687659,2026-09-10
@cararosedipietro,TikTok,282.5k (2026-09),womens wellness / NYC lifestyle,A,#ollypartner for OLLY Womens Multi; NYC artist; already shoots supplement brand deals; top of size band,TikTok DM,https://www.tiktok.com/@cararosedipietro/video/7457334634045508907,2026-09-10
@geezelouiseeeee,TikTok,126.1k (2026-09),night shift ICU nurse,A,SF Bay Area ICU nurse; night-shift essentials/whats-in-my-bag format - magnesium/electrolytes native placement,TikTok DM,https://www.tiktok.com/@geezelouiseeeee/video/7210563830915632426,2026-09-10
@modhippiehabits,TikTok,95.5k (2026-09),slow living / natural sleep,A,New Chapter #Ad partner history; Denver; tart-cherry sleep-soother mocktail recipe - sleepy-girl lane with brand-deal experience,TikTok DM,https://www.tiktok.com/@modhippiehabits/video/7268793330895523118,2026-09-10
@mads_gainz,TikTok,unknown,postpartum mom energy,A,"breastfeeding mom of 3 posting full postpartum supplement stack (magnesium glycinate, electrolytes) with 'all linked in bio' affiliate setup",TikTok DM,https://www.tiktok.com/@mads_gainz/video/7483257552231320862,2026-09-10
@candidlycarlie_,TikTok,unknown,momtok / postpartum depletion,A,beef-liver + supplement content for postpartum depletion; LTK affiliate storefront confirmed; healthymomera hashtags,TikTok DM,https://www.tiktok.com/@candidlycarlie_/video/7204218824965639470,2026-09-10
@bri_ewing,TikTok,unknown,supplement affiliate,A,#golipartner posting Goli Superfruits gummies; existing supplement-brand partner,TikTok DM,https://www.tiktok.com/@bri_ewing/video/7216399198634265899,2026-09-10
@momfluencerkatie,TikTok,unknown,mom energy / mushroom coffee,A,RYZE clean-energy promo-style posts as self-branded momfluencer; mushroom-coffee SKU 1-to-1,TikTok DM,https://www.tiktok.com/@momfluencerkatie/video/7568170512627551518,2026-09-10
@smartgadgetmama,TikTok,unknown,TTS mom affiliate,A,shilajit top-5-benefits video with #ShopSmartTTS - active TikTok Shop supplement affiliate mom,TikTok DM,https://www.tiktok.com/@smartgadgetmama/video/7489818360822107414,2026-09-10
@saleseekerscentral,TikTok,unknown,TTS supplement deals,A,posts Zoyava sea moss/ashwagandha and Alpha Grind with #ttshop - full-time TTS supplement affiliate,TikTok DM,https://www.tiktok.com/@saleseekerscentral/video/7383867411403001130,2026-09-10
@couponingwithtina,TikTok,unknown,coupon community,A,Bloom 50%-off coupon-stacking video; deals audience converts hard on TTS flash pricing,TikTok DM,https://www.tiktok.com/@couponingwithtina/video/7360025414607179050,2026-09-10
@tiktok.savvy,TikTok,unknown,TTS deals skits,A,Goli trio TTS Black Friday skit format; practiced shoppable-video affiliate,TikTok DM,https://www.tiktok.com/@tiktok.savvy/video/7562969879410724109,2026-09-10
@kyraevanshughes,TikTok,unknown,hot girl walk / hydration,A,#hydroflaskpartner; hot-girl-walk hydration aesthetic - electrolytes-adjacent with partner history,TikTok DM,https://www.tiktok.com/@kyraevanshughes/video/7282768451247312174,2026-09-10
@mylifeasamerica,TikTok,unknown,mushroom supplements reviewer,A,reviewed Sunday Scaries functional mushroom (lions mane) gummies - our lions mane SKU 1-to-1,TikTok DM,https://www.tiktok.com/@mylifeasamerica/video/7602136053373340959,2026-09-10
@naturallymenolye,TikTok,unknown,mushroom coffee promo,A,RYZE benefits promo-style caption (stress/energy/focus) - affiliate-format creator in mushroom-coffee lane,TikTok DM,https://www.tiktok.com/@naturallymenolye/video/7366316407836953902,2026-09-10
@nutritiouslyeasy,TikTok,unknown,wellness nutrition / sleep hacks,A,R.W. Knudsen tart-cherry #ad partner + sea moss skincare content - sleep & sea-moss lanes with paid-partnership history,TikTok DM,https://www.tiktok.com/@nutritiouslyeasy/video/7205358677187071278,2026-09-10
@taylorblack5,TikTok,unknown,supplement reviewer,B,MaryRuths liposomal hair-care product review with #productreview format,TikTok DM,https://www.tiktok.com/@taylorblack5/video/7273143150632357150,2026-09-10
@amenareviews,TikTok,unknown,supplement reviewer,B,dedicated review account; MaryRuths hair growth liposomal review (2026),TikTok DM,https://www.tiktok.com/@amenareviews/video/7624501551771553037,2026-09-10
@thebarefootntp,TikTok,unknown,nutrition coach / holistic,B,NTP breaking down MaryRuths multivitamin ingredient-by-ingredient; expert-adjacent trust content,TikTok DM,https://www.tiktok.com/@thebarefootntp/video/7285470943613390110,2026-09-10
@_kikilee_,TikTok,unknown,TTS shopper / beauty-wellness,B,MaryRuths hair growth max with #tiktokmademebuyit - TTS-native shopper content,TikTok DM,https://www.tiktok.com/@_kikilee_/video/7602759884756634911,2026-09-10
@brittany.scovel,TikTok,1.7M (2026-09),country lifestyle / sea moss,C,#bloompartner and True Sea Moss taste test; way above band - anchor only,TikTok DM,https://www.tiktok.com/@brittany.scovel/video/7338479440948710699,2026-09-10
@whitneyhanslow,TikTok,unknown,wellness / mental health,B,first-impressions taste test of viral sea moss gel; relatable everyday-girl format,TikTok DM,https://www.tiktok.com/@whitneyhanslow/video/7398831488638274832,2026-09-10
@lendylux,TikTok,unknown,sea moss / black girl healing,B,sea moss gel DIY + skincare benefits deep-dive caption; #blackgirlhealing wellness lane,TikTok DM,https://www.tiktok.com/@lendylux/video/7283610099959024926,2026-09-10
@xhemajlmo,TikTok,unknown,sea moss routine,B,sea moss gel morning-routine benefits explainer,TikTok DM,https://www.tiktok.com/@xhemajlmo/video/7430386565500701984,2026-09-10
@nilakheri,TikTok,unknown,sea moss wellness,B,morning sea moss routine for wellness,TikTok DM,https://www.tiktok.com/@nilakheri/video/7515537540917595438,2026-09-10
@trinicookingwithnatasha_,TikTok,unknown,caribbean cooking / sea moss,B,sea moss immunity boosters spoonful-a-day content; Trini cooking angle - verify US residency at outreach,TikTok DM,https://www.tiktok.com/@trinicookingwithnatasha_/video/7544408132911484191,2026-09-10
@3sunzzz,TikTok,unknown,hydration reviewer,B,Waterboy hydration packets summer review,TikTok DM,https://www.tiktok.com/@3sunzzz/video/7510997804026793259,2026-09-10
@kyndallstoker,TikTok,unknown,hydration reviewer,B,Waterboy hangover/sick-day hydration review,TikTok DM,https://www.tiktok.com/@kyndallstoker/video/7231953521363651886,2026-09-10
@sashaxoxo1,TikTok,unknown,hydration accessories affiliate,B,HydroJug looks-and-link affiliate post; hydration-girlie audience,TikTok DM,https://www.tiktok.com/@sashaxoxo1/video/7622588813801458957,2026-09-10
@matcha.parayso,TikTok,unknown,mocktails / san diego,B,San Diego cocktails/mocktails creator (Carolyn Pascual); sleepy-girl-mocktail collab fit,TikTok DM,https://www.tiktok.com/@matcha.parayso/video/7623754352880143624,2026-09-10
@lifewithdrsab,TikTok,unknown,hydration taste tests,B,Liquid IV mocktail variety-pack taste test; 'Dr Sab' handle - verify claim posture at outreach,TikTok DM,https://www.tiktok.com/@lifewithdrsab/video/7341915811650538798,2026-09-10
@rickyflicks.mp4,TikTok,unknown,taste tests,B,Liquid IV 5-flavor taste test tagging brand; repeatable flavor-review format,TikTok DM,https://www.tiktok.com/@rickyflicks.mp4/video/7518201153088179486,2026-09-10
@86hands,TikTok,unknown,supplement reviewer,B,Liquid IV Energy Multiplier review + taste test,TikTok DM,https://www.tiktok.com/@86hands/video/7372231793174465834,2026-09-10
@tin.genabe,TikTok,unknown,sleep,B,Olly sleep gummies experience story (melatonin/l-theanine); sleep-content native,TikTok DM,https://www.tiktok.com/@tin.genabe/video/7201295478724496645,2026-09-10
@ellybellyeats,TikTok,unknown,food + wellness reviewer,B,OLLY wellness gummies review,TikTok DM,https://www.tiktok.com/@ellybellyeats/video/7460659870107356462,2026-09-10
@whatev_bb,TikTok,unknown,wellness,B,Hilma natural bloating remedy rec; competitor-brand organic advocate,TikTok DM,https://www.tiktok.com/@whatev_bb/video/7387842825993424174,2026-09-10
@glowwithella,TikTok,unknown,that girl / farmers market,B,wellness-girlie farmers market haul aesthetic,TikTok DM,https://www.tiktok.com/@glowwithella/video/7514779832383720747,2026-09-10
@whatmojoloves,TikTok,unknown,greens reviewer,B,honest AG1 review after 30 days,TikTok DM,https://www.tiktok.com/@whatmojoloves/video/7203928223569251630,2026-09-10
@jill_justine,TikTok,unknown,fitness women,B,Athletic Greens 40-day honest update,TikTok DM,https://www.tiktok.com/@jill_justine/video/7208252082728521002,2026-09-10
@laureninarealway,TikTok,unknown,corporate 9-5 wellness,B,navigating Sunday anxiety as corporate worker - calm/stress SKU audience,TikTok DM,https://www.tiktok.com/@laureninarealway/video/7562726852767370504,2026-09-10
@cocktail.couple,TikTok,unknown,mocktails / drinktok,B,sleepy girl mocktail 2-ways; sober-curious drinks account,TikTok DM,https://www.tiktok.com/@cocktail.couple/video/7325518275453177134,2026-09-10
@notcheeto,TikTok,unknown,sleep / calm,B,sleepy girl mocktail with Moon Juice magnesium - competitor-magnesium user,TikTok DM,https://www.tiktok.com/@notcheeto/video/7330006449034382638,2026-09-10
@sydneyonsocials,TikTok,unknown,social media girl / sleep,B,sleepy girl mocktail w/ Moon Juice magnesium after 14-hour screen days,TikTok DM,https://www.tiktok.com/@sydneyonsocials/video/7323457118848470318,2026-09-10
@meet_madeleine,TikTok,unknown,cortisol wellness,B,cortisol-face before/after explainer content,TikTok DM,https://www.tiktok.com/@meet_madeleine/video/7495345130908470536,2026-09-10
@wellnesswithlinds,TikTok,611.2k (2026-09),hormone / adrenal wellness,C,adrenal cocktail + tart cherry content BUT founder of own brand (drinksymbi) and above band - anchor/watch only,TikTok DM,https://www.tiktok.com/@wellnesswithlinds/video/7211194888937934123,2026-09-10
@_hannahweir_,TikTok,unknown,adrenal / energy,B,adrenal fatigue cocktail for instant energy,TikTok DM,https://www.tiktok.com/@_hannahweir_/video/7450378119036407048,2026-09-10
@jezebel511,TikTok,unknown,cortisol / women 50+,B,viral cortisol cocktail recipe for 50+ women (#thisis50) - underserved menopause-adjacent segment,TikTok DM,https://www.tiktok.com/@jezebel511/video/7525072235103554846,2026-09-10
@salcruzjr,TikTok,unknown,mushroom coffee,B,Everyday Dose vs RYZE honest comparison,TikTok DM,https://www.tiktok.com/@salcruzjr/video/7407512447009017118,2026-09-10
@boardsbikesandhikes,TikTok,unknown,mushroom coffee / outdoors,B,RYZE vs Everyday Dose 1-year dual-use comparison,TikTok DM,https://www.tiktok.com/@boardsbikesandhikes/video/7503976386885881118,2026-09-10
@patrick_springer,TikTok,unknown,mushroom coffee,B,RYZE energize-without-jitters promo-style post,TikTok DM,https://www.tiktok.com/@patrick_springer/video/7528516657275276574,2026-09-10
@ms.johnson.teachess,TikTok,unknown,teacher morning routine,B,5AM high-school-teacher routine series; teachertok wellness angle,TikTok DM,https://www.tiktok.com/@ms.johnson.teachess/video/7551613842816634125,2026-09-10
@mcpeek_teaches,TikTok,unknown,teacher morning routine,B,5AM teacher morning routine,TikTok DM,https://www.tiktok.com/@mcpeek_teaches/video/7490667695399292191,2026-09-10
@.mrs.dubs,TikTok,unknown,teachertok,B,"'we is tired, we is teachers' relatable exhausted-teacher content",TikTok DM,https://www.tiktok.com/@.mrs.dubs/video/7272545932695145771,2026-09-10
@stillateacher,TikTok,unknown,teachertok,B,high school teacher creator; tired-teacher audience for energy SKUs,TikTok DM,https://www.tiktok.com/@stillateacher/video/7420938190262963499,2026-09-10
@morganpetersonn,TikTok,unknown,nurse,B,nurse bag restock-for-survival format,TikTok DM,https://www.tiktok.com/@morganpetersonn/video/7378265809031892266,2026-09-10
@nursefounder,TikTok,unknown,nurse,B,whats-in-my-bag 12-hour-shift nurse content,TikTok DM,https://www.tiktok.com/@nursefounder/video/7217061176692297003,2026-09-10
@iodineinjector,TikTok,unknown,night shift nurse,B,night-shift nurse bag essentials for 12-hour shift,TikTok DM,https://www.tiktok.com/@iodineinjector/video/7532118473082801422,2026-09-10
@sheenamae.xo,TikTok,unknown,NICU nurse aesthetic,B,pink-aesthetic nurse bag essentials; girly nurse audience,TikTok DM,https://www.tiktok.com/@sheenamae.xo/video/7424847956798491935,2026-09-10
@christinahefner1,TikTok,unknown,night shift nurse,B,night shift nurse essentials,TikTok DM,https://www.tiktok.com/@christinahefner1/video/7530677036780768542,2026-09-10
@kayla.ryann,TikTok,unknown,morning shed,B,daily morning-shed ritual content,TikTok DM,https://www.tiktok.com/@kayla.ryann/video/7454246852184132910,2026-09-10
@southernwestsunshine,TikTok,unknown,morning shed,B,morning shed + heatless curls skincare series,TikTok DM,https://www.tiktok.com/@southernwestsunshine/video/7456811265307069742,2026-09-10
@christifritz,TikTok,unknown,morning shed,B,satisfying morning-shed skincare format,TikTok DM,https://www.tiktok.com/@christifritz/video/7400363855509064990,2026-09-10
@maytexmyers,TikTok,unknown,morning shed / sleep,B,morning shed for skin + improved sleep angle,TikTok DM,https://www.tiktok.com/@maytexmyers/video/7423023687240076574,2026-09-10
@themagicalmillennial_,TikTok,unknown,morning shed,B,morning-shed transformation content,TikTok DM,https://www.tiktok.com/@themagicalmillennial_/video/7478968275343396139,2026-09-10
@jilliangottlieb,TikTok,unknown,lifestyle commentary,B,morning-shed trend commentary; polished on-camera host style,TikTok DM,https://www.tiktok.com/@jilliangottlieb/video/7468145394464165163,2026-09-10
@hallesoswag,TikTok,unknown,gym girl hydration,B,matches HydroJug to workout sets daily - hydration-girlie native,TikTok DM,https://www.tiktok.com/@hallesoswag/video/7598297809787424031,2026-09-10
@sarahbetts,TikTok,unknown,cozy cardio,B,walking-pad cozy cardio daily vlog,TikTok DM,https://www.tiktok.com/@sarahbetts/video/7376600841245019409,2026-09-10
@angelaxrenee,TikTok,unknown,sunday reset,B,self-care Sunday skincare reset + wellness routine,TikTok DM,https://www.tiktok.com/@angelaxrenee/video/7461710585764400415,2026-09-10
@ashleynoelleeee,TikTok,unknown,that girl aesthetic,B,pink-girl aesthetic morning routine,TikTok DM,https://www.tiktok.com/@ashleynoelleeee/video/7384568487756254506,2026-09-10
@shelbyannbell,TikTok,unknown,5AM GRWM,B,5AM full-glam GRWM for work; morning-routine slot for AM supplements,TikTok DM,https://www.tiktok.com/@shelbyannbell/video/7632697241542626591,2026-09-10
@darcymcqueenyyy,TikTok,unknown,greens reviewer,B,Bloom greens honest taste review,TikTok DM,https://www.tiktok.com/@darcymcqueenyyy/video/7343412427649731886,2026-09-10
@saharayar,TikTok,unknown,greens reviewer,B,Bloom greens superfood honest review,TikTok DM,https://www.tiktok.com/@saharayar/video/7275791869961899270,2026-09-10
@courtneyycahoon,TikTok,unknown,greens reviewer,B,finished-the-tub Bloom review for bloating; productreview format,TikTok DM,https://www.tiktok.com/@courtneyycahoon/video/7116990805117537582,2026-09-10
@cassbrownjr,TikTok,unknown,greens reviewer,B,Bloom Nutrition greens review,TikTok DM,https://www.tiktok.com/@cassbrownjr/video/7142922961014639918,2026-09-10
@mariannas_pantry,TikTok,unknown,wellness pantry,B,Bloom greens powder review; pantry/ingredient content style,TikTok DM,https://www.tiktok.com/@mariannas_pantry/video/7282806191850458414,2026-09-10
@hoogie_bear_,TikTok,unknown,greens reviewer,B,Bloom greens worth-it review,TikTok DM,https://www.tiktok.com/@hoogie_bear_/video/7176260552115621163,2026-09-10
@seandreww,TikTok,unknown,supplement self-experiments,B,50-day ashwagandha self-experiment with results reveal,TikTok DM,https://www.tiktok.com/@seandreww/video/7207990707766775083,2026-09-10
@fitzyelifts,TikTok,unknown,fitness women supplements,B,ashwagandha effects for women (stress/weight) explainer,TikTok DM,https://www.tiktok.com/@fitzyelifts/video/7283105507160689953,2026-09-10
@cynthiamhuang,TikTok,unknown,supplement reviewer,B,ARMRA colostrum honest review,TikTok DM,https://www.tiktok.com/@cynthiamhuang/video/7325892507798097194,2026-09-10
@askinem,TikTok,unknown,amazon finds / organization,B,meds-organizer amazon-find restock ASMR; supplement-adjacent shoppable format,TikTok DM,https://www.tiktok.com/@askinem/video/7318469293165858090,2026-09-10
@lorenrosko,TikTok,unknown,sleep / magnesium topical,B,magnesium-spray-on-feet works review (Nakery),TikTok DM,https://www.tiktok.com/@lorenrosko/video/7547105141195918622,2026-09-10
@itsmelucyream,TikTok,unknown,mom hydration,B,best electrolytes for breastfeeding moms roundup,TikTok DM,https://www.tiktok.com/@itsmelucyream/video/7485572746601188639,2026-09-10
@nicoleleeanne6,TikTok,unknown,mom hydration,B,electrolytes for milk supply content,TikTok DM,https://www.tiktok.com/@nicoleleeanne6/video/7514783904344100127,2026-09-10
@latchingwithgrace,TikTok,unknown,postpartum / lactation,B,postpartum recovery supplement guide; lactation-support audience,TikTok DM,https://www.tiktok.com/@latchingwithgrace/video/7507694086170725674,2026-09-10
@robertwblove,TikTok,unknown,adhd supplements,B,"top ADHD supplements video (lions mane, nootropics, fish oil)",TikTok DM,https://www.tiktok.com/@robertwblove/video/7308217752899046698,2026-09-10
@jaykaizen,TikTok,unknown,biohacking focus,B,shilajit for focus/hormonal balance content,TikTok DM,https://www.tiktok.com/@jaykaizen/video/7587336702650289430,2026-09-10
@sairahayati,TikTok,unknown,hormone wellness,B,pure shilajit for hormonal balance; geo unverified - confirm US at outreach,TikTok DM,https://www.tiktok.com/@sairahayati/video/7409680187199212832,2026-09-10
@meredithstearsricochet,TikTok,unknown,supplement commentary,B,take on viral MaryRuths liquid multivitamin,TikTok DM,https://www.tiktok.com/@meredithstearsricochet/video/7254242170142526762,2026-09-10
@aliviadonai,TikTok,unknown,beauty wellness,B,MaryRuths hair-growth vitamins content,TikTok DM,https://www.tiktok.com/@aliviadonai/video/7558201778123197709,2026-09-10
@dani.russell,TikTok,unknown,sleep reviewer,B,Lemme Sleep honest review,TikTok DM,https://www.tiktok.com/@dani.russell/video/7524961540051651848,2026-09-10
@abbythebadassmom,TikTok,unknown,mom sleep,B,Lemme Sleep review from mom angle,TikTok DM,https://www.tiktok.com/@abbythebadassmom/video/7341524588314004779,2026-09-10
@aprilmbuckles,TikTok,unknown,sleep reviewer,B,Lemme Sleep gummies review,TikTok DM,https://www.tiktok.com/@aprilmbuckles/video/7435836998197251358,2026-09-10
@sloan.byrd,TikTok,unknown,sleep reviewer,B,Lemme Sleep gummies review,TikTok DM,https://www.tiktok.com/@sloan.byrd/video/7261080026492177707,2026-09-10
@jillie_clarkk,TikTok,unknown,sleep reviewer,B,Lemme Sleep gummies review,TikTok DM,https://www.tiktok.com/@jillie_clarkk/video/7344157013598915842,2026-09-10
@poppymead,TikTok,unknown,sleep reviewer,B,Lemme Sleep personal-experience review; name suggests possible UK - verify at outreach,TikTok DM,https://www.tiktok.com/@poppymead/video/7513536448356764950,2026-09-10
@positively_paige,TikTok,unknown,supplement reviewer,B,Physicians Choice probiotic honest review,TikTok DM,https://www.tiktok.com/@positively_paige/video/7499140595131141418,2026-09-10
@rphreviews,TikTok,unknown,pharmacist reviewer,B,pharmacist doing head-to-head probiotic brand comparisons; trust-heavy review format,TikTok DM,https://www.tiktok.com/@rphreviews/video/7563738192965291294,2026-09-10
@araceliom,TikTok,unknown,magnesium reviewer,B,Micro Ingredients magnesium citrate powder review - budget-magnesium audience matches our stick-pack pitch,TikTok DM,https://www.tiktok.com/@araceliom/video/7472643210284846382,2026-09-10
@millaswellnessrecipe,TikTok,unknown,hormone recipes,B,hormone-balancing smoothie recipes,TikTok DM,https://www.tiktok.com/@millaswellnessrecipe/video/7299505742166445354,2026-09-10
@dilshealth,TikTok,unknown,pcos journey,B,PCOS healing-journey smoothie content,TikTok DM,https://www.tiktok.com/@dilshealth/video/7365819706919472392,2026-09-10
@isa_kristen22,TikTok,unknown,pcos fitness,B,PCOS-friendly post-workout protein smoothie,TikTok DM,https://www.tiktok.com/@isa_kristen22/video/7236444590067174698,2026-09-10
@rootwithrach,TikTok,unknown,hormone wellness,B,period smoothie for hormone balance / PCOS,TikTok DM,https://www.tiktok.com/@rootwithrach/video/7081335930316999979,2026-09-10
@mila.magnani,TikTok,unknown,pcos / hypothyroid,B,hormone-balancing drink for PCOS & hypothyroidism; strong niche authority,TikTok DM,https://www.tiktok.com/@mila.magnani/video/7369706569384168747,2026-09-10
@finleighpowell,TikTok,unknown,mom hacks / kids sleep,B,kids magnesium gummies mom-hack review,TikTok DM,https://www.tiktok.com/@finleighpowell/video/7320340592242871584,2026-09-10
@asd.with.a.g.and.t,TikTok,unknown,autism family / sleep,B,magnesium gummies day-one trial for autism sleep; document-along format,TikTok DM,https://www.tiktok.com/@asd.with.a.g.and.t/video/7376368734103031072,2026-09-10
@beccas_kitchen_lifestyle,TikTok,unknown,family wellness,B,improving kids sleep with magnesium experience,TikTok DM,https://www.tiktok.com/@beccas_kitchen_lifestyle/video/7470601590185987350,2026-09-10
@sarahandherfriends,TikTok,unknown,mom reviews,B,best kids magnesium gummies for sleep roundup,TikTok DM,https://www.tiktok.com/@sarahandherfriends/video/7608969034431876374,2026-09-10
@brianneboston,TikTok,unknown,mom wellness,B,magnesium sleep gummies rave post,TikTok DM,https://www.tiktok.com/@brianneboston/photo/7342924397268733226,2026-09-10
@katie_lynnnnnnnn,TikTok,unknown,gym girl,B,creatine before/after gym-girl experiment,TikTok DM,https://www.tiktok.com/@katie_lynnnnnnnn/video/7239463327674502443,2026-09-10
@dememalbon,TikTok,unknown,fitness women,B,5-week creatine transformation,TikTok DM,https://www.tiktok.com/@dememalbon/video/7500848916850789678,2026-09-10
@workoutsbywinter,TikTok,unknown,fitness women,B,creatine results-for-women content,TikTok DM,https://www.tiktok.com/@workoutsbywinter/video/7378275019069066503,2026-09-10
@tiffanyymagee,TikTok,unknown,healthy coffee,B,39-second chocolate proffee recipe,TikTok DM,https://www.tiktok.com/@tiffanyymagee/video/7334799602148707627,2026-09-10
@scotty.k.fitness,TikTok,unknown,healthy coffee / fitness,B,girly protein latte content,TikTok DM,https://www.tiktok.com/@scotty.k.fitness/video/7527057998057901343,2026-09-10
@ellexserrano,TikTok,unknown,night routine,B,ASMR nighttime routine essentials,TikTok DM,https://www.tiktok.com/@ellexserrano/video/7593127603456757023,2026-09-10
@eryn.weaver,TikTok,unknown,night routine,B,ASMR nighttime skincare for relaxation,TikTok DM,https://www.tiktok.com/@eryn.weaver/video/7531059630424821006,2026-09-10
@blklblesthetics,TikTok,unknown,esthetician night routine,B,esthetician ASMR night routine tagging skincare brands,TikTok DM,https://www.tiktok.com/@blklblesthetics/video/7521652487711903007,2026-09-10
@emileebontrager,TikTok,unknown,night routine,B,ASMR night routine to end the day,TikTok DM,https://www.tiktok.com/@emileebontrager/video/7592093623424929038,2026-09-10
@bloveslife,TikTok,unknown (large),food review mega,C,B.Love reviewed True Sea Moss gel packs; mega food reviewer - anchor only,TikTok DM,https://www.tiktok.com/@bloveslife/video/7557505832552828190,2026-09-10
@mabrowsandhair,TikTok,392.4k (2026-09),trichologist / hair wellness,C,MaryRuths #ad partner with 30-day results format; just above band; claims-savvy specialist,TikTok DM,https://www.tiktok.com/@mabrowsandhair/video/7187910750587866411,2026-09-10
@kaanade,TikTok,3.8M (2026-09),beauty / comedy mega,C,#everydaydosepartner post but mega and possibly BR-based content - anchor watch only,TikTok DM,https://www.tiktok.com/@kaanade/video/7592005713698786574,2026-09-10
@itskatesteinberg,TikTok,2.9M (2026-09),millennial nostalgia mega,C,#OLLYpartner Goodbye Stress integration; mega - pricing benchmark anchor,TikTok DM,https://www.tiktok.com/@itskatesteinberg/video/7533668936290798878,2026-09-10
@janiceyalittle,TikTok,425.3k (2026-09),mom lifestyle,C,#ollypartner sleep gummies mom-of-3 travel post; GA-based; just above band,TikTok DM,https://www.tiktok.com/@janiceyalittle/video/7450680264571014446,2026-09-10
@teachingwithmrswhite,TikTok,870.3k (2026-09),teachertok,C,teacher + mom tagging Alani Nutrition in coffee post; above band - teacher-lane anchor,TikTok DM,https://www.tiktok.com/@teachingwithmrswhite/video/7444191529633074474,2026-09-10
@jenna_bariatricbestie,TikTok,893.7k (2026-09),bariatric / proffee nurse-grwm,C,#csepartner (Clean Simple Eats) proffee series; above band - protein-coffee lane anchor,TikTok DM,https://www.tiktok.com/@jenna_bariatricbestie/video/7363681851313032478,2026-09-10
@austinfendler,TikTok,369.3k (2026-09),TTS lifestyle affiliate,C,Goli ashwagandha TTS deals video; prolific TikTok Shop affiliate just above band,TikTok DM,https://www.tiktok.com/@austinfendler/video/7519720572813626638,2026-09-10
@alexarambarran,TikTok,504.6k (2026-09),faith / lifestyle,C,#golipartner Ashwa gummies post; above band,TikTok DM,https://www.tiktok.com/@alexarambarran/video/7221959792032517418,2026-09-10
@lindamont,TikTok,4.4M (2026-09),fitness mega,C,#bloompartner mega fitness creator - anchor only,TikTok DM,https://www.tiktok.com/@lindamont/video/7536248068019375368,2026-09-10
@hope_zuckerbrow,TikTok,1.1M (2026-09),cozy cardio originator,C,"coined cozy cardio; mega - trend-lane anchor, collab unlikely at our budget",TikTok DM,https://www.tiktok.com/@hope_zuckerbrow/video/7361028835501952299,2026-09-10
@blogilates,TikTok,unknown (mega),fitness mega (Cassey Ho),C,hot-girl-walk water bottle content; founder w/ own brands - reference anchor only,TikTok DM,https://www.tiktok.com/@blogilates/video/7291851898846530858,2026-09-10
@shereeneidriss,TikTok,unknown (mega),dermatologist,C,cortisol-face explainer from derm; expert mega - not affiliate material,TikTok DM,https://www.tiktok.com/@shereeneidriss/video/7406724890432228650,2026-09-10
@doctordanielvalencia,TikTok,unknown,doctor cortisol content,C,cortisol-face transformation MD content; expert anchor,TikTok DM,https://www.tiktok.com/@doctordanielvalencia/video/7455409137275522347,2026-09-10
@rubin_allergy,TikTok,unknown,MD sleep/allergy,C,MD skeptical-explainer on magnesium for sleep; claims-risk profile,TikTok DM,https://www.tiktok.com/@rubin_allergy/video/7328965875875237162,2026-09-10
@drchrispharmd,TikTok,unknown,pharmacist creator,C,pharmacist content creator; expert lane,TikTok DM,https://www.tiktok.com/@drchrispharmd/video/7566752959510449438,2026-09-10
@drsarubala,TikTok,unknown,MD supplement reviews,C,MD review of Alani Nu Balance; expert anchor,TikTok DM,https://www.tiktok.com/@drsarubala/video/6818622891672866054,2026-09-10
@mommymd,TikTok,unknown,pediatrician,C,pediatrician on magnesium citrate for kids sleep; expert lane,TikTok DM,https://www.tiktok.com/@mommymd/video/7253132245291289902,2026-09-10
@tiktokkiddoc,TikTok,unknown,pediatrician,C,pediatrician explainer on best magnesium for kids,TikTok DM,https://www.tiktok.com/@tiktokkiddoc/video/7362777589993229610,2026-09-10
@joseczuniga,TikTok,unknown (mega),mens lifestyle mega,C,Thorne ashwagandha 30-day test; mega mens creator - anchor only,TikTok DM,https://www.tiktok.com/@joseczuniga/video/7594542248851754271,2026-09-10
@vanderjames,TikTok,unknown (celeb),celebrity,C,"James Van Der Beek w/ MaryRuths code VANDERJAMES - shows brand celeb strategy, not a target",TikTok DM,https://www.tiktok.com/@vanderjames/video/7379987406797196586,2026-09-10
@kristenncruz,TikTok,unknown (large),singer + wellness codes,C,AGT singer posting Bloom promo code; likely large,TikTok DM,https://www.tiktok.com/@kristenncruz/video/7065780548865838382,2026-09-10
@naraazizasmith,TikTok,unknown (mega),tradwife cooking mega,C,tested sleepy girl mocktail; mega - trend validation anchor only,TikTok DM,https://www.tiktok.com/@naraazizasmith/video/7331853860593503531,2026-09-10
@chaos.to.sanity,TikTok,84.5k (2026-09),adhd/autism supplements,C,great lions-mane ADHD gummies review BUT UK-based (EVRi/mumsoftiktok) - not TTS US eligible,TikTok DM,https://www.tiktok.com/@chaos.to.sanity/video/7360621986910899488,2026-09-10
@brittney_saunders,TikTok,unknown (large),lifestyle,C,Lemme sleep test video but Australian - not TTS US eligible,TikTok DM,https://www.tiktok.com/@brittney_saunders/video/7499980582273748232,2026-09-10
@cl8ire888,TikTok,unknown,parent sleep gummies,C,Novomins magnesium gummies update - Novomins is UK brand; suspected UK,TikTok DM,https://www.tiktok.com/@cl8ire888/video/7347424001058262304,2026-09-10
@hollyb_fitness,TikTok,unknown,5am club fitness,C,5am routine w/ Oner Active AD; 'colourways' spelling - suspected UK,TikTok DM,https://www.tiktok.com/@hollyb_fitness/video/7447400095600987424,2026-09-10
@carmen_mair,TikTok,unknown,shilajit for women,C,women-shilajit educator; 'stabilises' spelling - suspected UK/AU,TikTok DM,https://www.tiktok.com/@carmen_mair/video/7501688700380646662,2026-09-10
@matthewnoconnor,TikTok,36k (2026-09),magnesium / supplement education,A,Explains magnesium glycinate dosing and timing (30 min pre-bed vs 3x/day) on camera - exactly our sleep-stick education angle,TikTok DM,https://www.tiktok.com/@matthewnoconnor/video/7205874894645628161,2026-09-12
@herbal.ash,TikTok,"~50k (2026-09, per Newsweek)",clinical herbalist / claim debunking,A,Clinical herbalist who publicly fact-checked the sea moss '92 of 102 minerals' claim (900k+ views) - perfect for a label-honest brand,TikTok DM,https://www.newsweek.com/could-sea-moss-next-superfood-1975071,2026-09-12
@milamfamilyfinds,TikTok,nano (2026-09),saffron / TikTok Shop creator picks,A,Posts saffron-for-mood reviews tagged #tiktokshopcreatorpicks - already an active TikTok Shop affiliate on our exact SKU,TikTok DM,https://www.tiktok.com/@milamfamilyfinds/video/7558272848800845111,2026-09-12
@moemoss.com,TikTok,micro (2026-09),sea moss / skin + energy,A,"Dedicated sea moss creator covering skin, energy and mineral content - direct match for sea moss gummies",TikTok DM,https://www.tiktok.com/@moemoss.com/video/7182159090183916846,2026-09-12
@aidenleeds,TikTok,nano (2026-09),lion's mane / cognitive supplements,B,Lion's mane gummy review content framed around focus and memory - direct SKU match,TikTok DM,https://www.tiktok.com/@aidenleeds/video/7347679945969257760,2026-09-12
@georgtully,TikTok,nano (2026-09),lion's mane / undiagnosed ADHD,B,Runs first-person lion's mane trials for focus and productivity - honest self-test format that converts,TikTok DM,https://www.tiktok.com/@georgtully/video/7412970417901587744,2026-09-12
@coupens,TikTok,micro (2026-09),saffron / mood support for women,B,Made saffron mood-support content aimed at women - our saffron capsule audience,TikTok DM,https://www.tiktok.com/@coupens/video/7509627347742657838,2026-09-12
@healthcoachkait,TikTok,173.4k (Feedspot 2026),insulin resistance / blood sugar,B,Micro health coach teaching metabolic basics - natural home for magnesium and daily-routine content,TikTok DM,https://creators.feedspot.com/gut_health_tiktok_influencers/,2026-09-12
@guthealthguru,TikTok,66.8k (Feedspot 2026),gut health / bloating,B,Bloat and gut-reboot niche overlaps heavily with sea moss buyers,TikTok DM,https://creators.feedspot.com/gut_health_tiktok_influencers/,2026-09-12
@theguthealthmd_,TikTok,43.1k (Feedspot 2026),GI medicine / fiber nutrition,A,MD who talks mechanism and dose rather than hype - credible fit for a label-transparent brand,TikTok DM,https://creators.feedspot.com/gut_health_tiktok_influencers/,2026-09-12
@functionalguthealth,TikTok,26.8k (Feedspot 2026),functional gut health,B,Functional-medicine framing that suits sea moss mineral story,TikTok DM,https://creators.feedspot.com/gut_health_tiktok_influencers/,2026-09-12
@dr.infantino,TikTok,21.8k (Feedspot 2026),metabolism / hormone reset,B,Hormone-reset angle maps to saffron mood and women's wellness,TikTok DM,https://creators.feedspot.com/gut_health_tiktok_influencers/,2026-09-12
@kristina.gut_health_rn,TikTok,18.6k (Feedspot 2026),holistic nursing / gut health,B,"RN credibility at nano size - cheap, trusted, converts on supplements",TikTok DM,https://creators.feedspot.com/gut_health_tiktok_influencers/,2026-09-12
@kharaj_wellness,TikTok,13.8k (Feedspot 2026),inflammation / stomach issues,B,Anti-inflammation lane sits next to sea moss and mushroom SKUs,TikTok DM,https://creators.feedspot.com/gut_health_tiktok_influencers/,2026-09-12
@guthealthwhisperer,TikTok,11.8k (Feedspot 2026),natural body healing,B,"Natural-healing nano creator, low-cost Open Collab candidate",TikTok DM,https://creators.feedspot.com/gut_health_tiktok_influencers/,2026-09-12
@ouralternativemedicinen0,TikTok,134.6k (Feedspot 2026),alternative medicine,B,Alt-medicine audience predisposed to herbal and mushroom SKUs,TikTok DM,https://creators.feedspot.com/alternative_medicine_tiktok_influencers/,2026-09-12
@jollyjuicellc_,TikTok,87.5k (Feedspot 2026),alternative medicine / wellness,B,Wellness-product audience; juice/tonic format fits sea moss,TikTok DM,https://creators.feedspot.com/alternative_medicine_tiktok_influencers/,2026-09-12
@drstix,TikTok,64.9k (Feedspot 2026),naturopathy / hypnotherapy,A,Naturopath covering both calm/sleep and herbal actives - fits magnesium and saffron,TikTok DM,https://creators.feedspot.com/alternative_medicine_tiktok_influencers/,2026-09-12
@sophie.b.naturopathy,TikTok,32.9k (Feedspot 2026),naturopathy,A,Naturopath who explains ingredients - suits 'what is on the label is inside' positioning,TikTok DM,https://creators.feedspot.com/alternative_medicine_tiktok_influencers/,2026-09-12
@thathippiedoc,TikTok,13.4k (Feedspot 2026),naturopathic medicine,B,"Nano naturopath, strong trust-to-cost ratio",TikTok DM,https://creators.feedspot.com/alternative_medicine_tiktok_influencers/,2026-09-12
@thekellygee,TikTok,20.4k (Feedspot 2026),hypnotherapy / calm,C,Calm and wind-down lane adjacent to magnesium sleep sticks,TikTok DM,https://creators.feedspot.com/alternative_medicine_tiktok_influencers/,2026-09-12
@justuravgvegan,TikTok,188.6k (Feedspot 2026),vegan wellness / lifestyle,B,Boston plant-based wellness creator at top of micro band,TikTok DM,https://creators.feedspot.com/vegan_tiktok_influencers/,2026-09-12
@rawveganrising,TikTok,105.9k (Feedspot 2026),raw vegan / alkaline living,B,Raw/alkaline lane is where sea moss demand actually lives,TikTok DM,https://creators.feedspot.com/vegan_tiktok_influencers/,2026-09-12
@diaryofamadblackvegan,TikTok,69.7k (Feedspot 2026),Black vegan lifestyle,A,Black plant-based creator - core sea moss demographic with a personality-led format,TikTok DM,https://creators.feedspot.com/vegan_tiktok_influencers/,2026-09-12
@justinecooksvegan,TikTok,82.4k (Feedspot 2026),vegan wellness tips,B,Wellness-tips format absorbs a gummy SKU easily,TikTok DM,https://creators.feedspot.com/vegan_tiktok_influencers/,2026-09-12
@blackveganman,TikTok,45.3k (Feedspot 2026),Black vegan health,A,"Black male vegan health creator - sea moss audience, underserved by supplement brands",TikTok DM,https://creators.feedspot.com/vegan_tiktok_influencers/,2026-09-12
@nimai_delgado,TikTok,50k (Feedspot 2026),vegan fitness coaching,B,Vegan fitness coach; plant-based supplement fit,TikTok DM,https://creators.feedspot.com/vegan_tiktok_influencers/,2026-09-12
@plantbasedtamika,TikTok,19.2k (Feedspot 2026),vegan foodie reviews,A,Review-format creator at nano size - built for honest supplement reviews,TikTok DM,https://creators.feedspot.com/vegan_tiktok_influencers/,2026-09-12
@plantbasedakilah,TikTok,12.7k (Feedspot 2026),plant-based health & wellness,A,"Self-styled 'health & wellness bestie' - nano, plant-based, sea moss native",TikTok DM,https://creators.feedspot.com/vegan_tiktok_influencers/,2026-09-12
@plantbasedconstance,TikTok,11.3k (Feedspot 2026),plant-based health,B,Health-first plant-based nano creator,TikTok DM,https://creators.feedspot.com/vegan_tiktok_influencers/,2026-09-12
@iyeloveslife,TikTok,10.2k (Feedspot 2026),cozy vegan living / beauty,B,Cozy-evening aesthetic pairs with magnesium night ritual content,TikTok DM,https://creators.feedspot.com/vegan_tiktok_influencers/,2026-09-12
@juicinwithjazz,TikTok,6.3k (Feedspot 2026),plant-based nutritionist / juicing,A,Certified plant-based nutritionist in the juicing lane - sea moss gel/gummy adjacent,TikTok DM,https://creators.feedspot.com/vegan_tiktok_influencers/,2026-09-12
@theelectriceats,TikTok,329.6k (Feedspot 2026),alkaline herbs / plant-based,C,"Alkaline-herb (Dr Sebi lineage) creator - the single most on-topic sea moss account found, but above our size band",TikTok DM,https://creators.feedspot.com/vegan_tiktok_influencers/,2026-09-12
@dr.stoychev,TikTok,108.8k (Feedspot 2026),natural mental health / ADHD,A,Covers natural approaches to mood AND ADHD - hits saffron and lion's mane in one creator,TikTok DM,https://creators.feedspot.com/mental_health_tiktok_influencers/,2026-09-12
@mental_health_naps_,TikTok,51.4k (Feedspot 2026),mental health / sleep struggles,A,Talks mental health and sleep together - magnesium sticks plus saffron in one narrative,TikTok DM,https://creators.feedspot.com/mental_health_tiktok_influencers/,2026-09-12
@dopamine_on_fleek,TikTok,48.1k (Feedspot 2026),late-diagnosis ADHD,A,ADHD focus/brain-fog audience is the core lion's mane buyer,TikTok DM,https://creators.feedspot.com/mental_health_tiktok_influencers/,2026-09-12
@lexnichol28,TikTok,57.8k (Feedspot 2026),mental health / healing,B,"LA mental-health creator, mood-support fit",TikTok DM,https://creators.feedspot.com/mental_health_tiktok_influencers/,2026-09-12
@mental_health_maddy,TikTok,55.4k (Feedspot 2026),recovery / wellness journey,B,Journey storytelling converts well for mood SKUs,TikTok DM,https://creators.feedspot.com/mental_health_tiktok_influencers/,2026-09-12
@thementalhealthmum,TikTok,43.6k (Feedspot 2026),ADHD / ASD parenting,B,ADHD parenting audience for lion's mane and calm SKUs,TikTok DM,https://creators.feedspot.com/mental_health_tiktok_influencers/,2026-09-12
@thealeonen,TikTok,17.4k (Feedspot 2026),UGC creator / motivation,B,Self-identified UGC creator - already knows brand deliverables and rates,TikTok DM,https://creators.feedspot.com/mental_health_tiktok_influencers/,2026-09-12
@elle.malana,TikTok,13k (Feedspot 2026),massage therapy / wellness,B,Bodywork plus wellness - relaxation and magnesium fit,TikTok DM,https://creators.feedspot.com/mental_health_tiktok_influencers/,2026-09-12
@clint.weightlosscoach,TikTok,44k (Feedspot 2026),natural health / biohacking,A,Biohacking-leaning coach - nootropic and mushroom SKUs land naturally here,TikTok DM,https://creators.feedspot.com/weight_loss_tiktok_influencers/,2026-09-12
@jakekocherhans,TikTok,98.3k (Feedspot 2026),functional practitioner / digestion,B,"Functional practitioner, ingredient-literate audience",TikTok DM,https://creators.feedspot.com/weight_loss_tiktok_influencers/,2026-09-12
@kathykatalyst,TikTok,91.6k (Feedspot 2026),menopause / midlife women,B,Menopause audience buys mood and sleep support at high rates,TikTok DM,https://creators.feedspot.com/weight_loss_tiktok_influencers/,2026-09-12
@sonia.pcoscoach,TikTok,87.4k (Feedspot 2026),PCOS / hormone coaching,B,PCOS community is a heavy saffron and magnesium buyer,TikTok DM,https://creators.feedspot.com/weight_loss_tiktok_influencers/,2026-09-12
@kokoo__fit,TikTok,33.7k (Feedspot 2026),wellness / weight loss / skincare,B,Skin plus wellness blend suits sea moss beauty angle,TikTok DM,https://creators.feedspot.com/weight_loss_tiktok_influencers/,2026-09-12
@wellnesswithbrae,TikTok,29.5k (Feedspot 2026),wellness coaching / confidence,B,Confidence-and-wellness framing fits mood SKU,TikTok DM,https://creators.feedspot.com/weight_loss_tiktok_influencers/,2026-09-12
@coachcelest,TikTok,11.6k (Feedspot 2026),women 40+ fitness,B,40+ women - top demographic for sleep and mood supplements,TikTok DM,https://creators.feedspot.com/weight_loss_tiktok_influencers/,2026-09-12
@drhannah.healthcoach,TikTok,8.7k (Feedspot 2026),physical therapist / health coach,B,Credentialed nano - cheap trust for a launch wave,TikTok DM,https://creators.feedspot.com/weight_loss_tiktok_influencers/,2026-09-12
@avoaday,TikTok,52k (Feedspot 2026),"health coaches / gut, acne, hormones",A,"Sister duo covering gut, acne and hormones - three of our four SKUs map onto their content",TikTok DM,https://creators.feedspot.com/health_and_fitness_tiktok_influencers/,2026-09-12
@brentonrosssimmons,TikTok,24.4k (Feedspot 2026),fitness / supplement affiliate,A,Already promotes a supplement line - knows affiliate mechanics and disclosure,TikTok DM,https://creators.feedspot.com/health_and_fitness_tiktok_influencers/,2026-09-12
@cupcakesandbarbells,TikTok,59k (Feedspot 2026),fitness / nutrition explainer,B,Explainer format works for dose-and-label content,TikTok DM,https://creators.feedspot.com/health_and_fitness_tiktok_influencers/,2026-09-12
@cynthialeu,TikTok,19.2k (Feedspot 2026),strength / mental health / self-care,B,Self-care plus mental health - magnesium and saffron fit,TikTok DM,https://creators.feedspot.com/health_and_fitness_tiktok_influencers/,2026-09-12
@sunshineceee,TikTok,38.8k (Feedspot 2026),mental health / positivity,B,Positivity and mood lane for saffron,TikTok DM,https://creators.feedspot.com/health_and_fitness_tiktok_influencers/,2026-09-12
@masoncmahoneyfit,TikTok,171.4k (Feedspot 2026),hormones / metabolism coaching,B,Hormone and metabolism educator at top of micro band,TikTok DM,https://creators.feedspot.com/health_and_fitness_tiktok_influencers/,2026-09-12
@sierranielsen,TikTok,8.4k (Feedspot 2026),health and wellness,B,Nano wellness creator for volume seeding,TikTok DM,https://creators.feedspot.com/health_and_fitness_tiktok_influencers/,2026-09-12
@krisseejohn,TikTok,88.1k (Feedspot 2026),registered nurse / supplement partner,A,RN who already partners with a supplement brand - credibility plus proven affiliate experience,TikTok DM,https://creators.feedspot.com/black_female_fitness_tiktok_influencers/,2026-09-12
@jaz.mcnew,TikTok,124.2k (Feedspot 2026),wellness & beauty coaching,B,Beauty-and-wellness blend fits sea moss skin story,TikTok DM,https://creators.feedspot.com/black_female_fitness_tiktok_influencers/,2026-09-12
@itscocolifestyle,TikTok,21.8k (Feedspot 2026),lifestyle / supplement partner,A,Existing supplement-brand partner at nano size - cheap and already trained on affiliate flow,TikTok DM,https://creators.feedspot.com/black_female_fitness_tiktok_influencers/,2026-09-12
@alittletaeste,TikTok,28.9k (Feedspot 2026),pediatrics resident / fitness,A,Medical resident with Black wellness audience - high-trust voice for sea moss,TikTok DM,https://creators.feedspot.com/black_female_fitness_tiktok_influencers/,2026-09-12
@jas_blocker,TikTok,26.5k (Feedspot 2026),women's health & beauty,A,Women's health plus beauty - sea moss and saffron both land,TikTok DM,https://creators.feedspot.com/black_female_fitness_tiktok_influencers/,2026-09-12
@coachtaelorb,TikTok,32.3k (Feedspot 2026),health coaching,B,Health coach with owned business - understands partnerships,TikTok DM,https://creators.feedspot.com/black_female_fitness_tiktok_influencers/,2026-09-12
@angeliquemiles8,TikTok,51.7k (Feedspot 2026),beauty / wellness 50+,B,50+ wellness audience - strong sleep and mood buyer,TikTok DM,https://creators.feedspot.com/black_female_fitness_tiktok_influencers/,2026-09-12
@sheedababyyy,TikTok,44.9k (Feedspot 2026),fitness / wellness advocate,B,"Wellness-advocate tone, sea moss demographic",TikTok DM,https://creators.feedspot.com/black_female_fitness_tiktok_influencers/,2026-09-12
@lifewithklately,TikTok,30.5k (Feedspot 2026),budget fitness / lifestyle,B,Budget-conscious framing suits an accessible price point,TikTok DM,https://creators.feedspot.com/black_female_fitness_tiktok_influencers/,2026-09-12
@fitgirlbomb,TikTok,11.6k (Feedspot 2026),cycle syncing / women's hormones,B,Cycle-sync audience overlaps saffron mood support,TikTok DM,https://creators.feedspot.com/black_female_fitness_tiktok_influencers/,2026-09-12
@fitnesswithxan,TikTok,16k (Feedspot 2026),fitness / nutrition,B,Young nutrition-focused nano creator,TikTok DM,https://creators.feedspot.com/black_female_fitness_tiktok_influencers/,2026-09-12
@the.fit_dr,TikTok,15.5k (Feedspot 2026),medical professional / fitness,B,Medical credential at nano price,TikTok DM,https://creators.feedspot.com/black_female_fitness_tiktok_influencers/,2026-09-12
@phyllicia.victoria,TikTok,5.9k (Feedspot 2026),yoga / plant-based / mindfulness,A,Plant-based and mindfulness nano - sea moss plus evening magnesium in one voice,TikTok DM,https://creators.feedspot.com/black_female_fitness_tiktok_influencers/,2026-09-12
@kandacej_,TikTok,6.9k (Feedspot 2026),CPT / busy-women nutrition,B,Nutrition-forward nano coach,TikTok DM,https://creators.feedspot.com/black_female_fitness_tiktok_influencers/,2026-09-12
@kearianewton,TikTok,78.3k (Feedspot 2026),fitness coaching / supplement partner,B,Existing supplement-brand partner,TikTok DM,https://creators.feedspot.com/black_female_fitness_tiktok_influencers/,2026-09-12
@ajahzi,TikTok,216.2k (Feedspot 2026),wellness / self-love,C,Strong sea moss demographic but just above our size band,TikTok DM,https://creators.feedspot.com/black_female_fitness_tiktok_influencers/,2026-09-12
@zenjen.meditation,TikTok,53.6k (Feedspot 2026),meditation / calm,A,Pure calm-and-wind-down audience - the native home for a magnesium sleep stick,TikTok DM,https://creators.feedspot.com/meditation_tiktok_influencers/,2026-09-12
@serotoninflow,TikTok,13.6k (Feedspot 2026),meditation / mood,A,Mood-and-calm nano creator - fits both saffron and magnesium,TikTok DM,https://creators.feedspot.com/meditation_tiktok_influencers/,2026-09-12
@growwithguri,TikTok,80.8k (Feedspot 2026),meditation / mindfulness,B,Evening mindfulness content for sleep ritual placement,TikTok DM,https://creators.feedspot.com/meditation_tiktok_influencers/,2026-09-12
@serenity.meditaction,TikTok,80.7k (Feedspot 2026),meditation,B,Sleep and calm content lane,TikTok DM,https://creators.feedspot.com/meditation_tiktok_influencers/,2026-09-12
@rachaelletiara,TikTok,96.4k (Feedspot 2026),meditation / healing,B,Wind-down audience for magnesium,TikTok DM,https://creators.feedspot.com/meditation_tiktok_influencers/,2026-09-12
@prosperamamameditation,TikTok,56.4k (Feedspot 2026),meditation for moms,B,Tired-mom audience - top magnesium buyer,TikTok DM,https://creators.feedspot.com/meditation_tiktok_influencers/,2026-09-12
@ultrahealer,TikTok,129.9k (Feedspot 2026),healing / mindfulness,B,Healing-content micro creator,TikTok DM,https://creators.feedspot.com/meditation_tiktok_influencers/,2026-09-12
@orianabarger,TikTok,161.7k (Feedspot 2026),meditation / mindfulness,B,Top-of-band mindfulness creator,TikTok DM,https://creators.feedspot.com/meditation_tiktok_influencers/,2026-09-12
@davy_meditation,TikTok,167.4k (Feedspot 2026),meditation,B,Sleep-adjacent meditation audience,TikTok DM,https://creators.feedspot.com/meditation_tiktok_influencers/,2026-09-12
@peacefulbarb,TikTok,166.6k (Feedspot 2026),meditation / calm,B,Calm-lifestyle audience for magnesium,TikTok DM,https://creators.feedspot.com/meditation_tiktok_influencers/,2026-09-12
@rootedtaymar,TikTok,14k (iqfluence 2026),neuropsychology / wellness,A,Neuropsychology angle - built-in authority for lion's mane focus claims,TikTok DM,https://iqfluence.io/public/top-tiktok-influencers/tiktok-wellness-influencers,2026-09-12
@rasayanaworldwide,TikTok,6.9k (iqfluence 2026),naturopathic doctor / ayurveda,A,N.D. in the herbal tradition at nano size - ingredient-literate and cheap,TikTok DM,https://iqfluence.io/public/top-tiktok-influencers/tiktok-wellness-influencers,2026-09-12
@ojayto,TikTok,39k (iqfluence 2026),peptides / biohacking,A,Biohacking audience that reads labels and doses - our exact positioning,TikTok DM,https://iqfluence.io/public/top-tiktok-influencers/tiktok-wellness-influencers,2026-09-12
@detoxwithlo,TikTok,120k (iqfluence 2026),lymphatic / detox wellness,B,Detox-and-minerals lane for sea moss,TikTok DM,https://iqfluence.io/public/top-tiktok-influencers/tiktok-wellness-influencers,2026-09-12
@djkim.yoga,TikTok,154k (iqfluence 2026),yoga / wellness,B,Yoga audience for evening magnesium ritual,TikTok DM,https://iqfluence.io/public/top-tiktok-influencers/tiktok-wellness-influencers,2026-09-12
@kale.blossom,Instagram,102k IG (Influencer Hero 2026),thyroid / hormones / root cause,A,Thyroid and hormone root-cause creator - sea moss iodine story is native here; verify TikTok handle before outreach,IG DM,https://www.influencer-hero.com/top-influencers/top-80-herbal-supplements-influencers-in-the-us,2026-09-12
@themaddiemiles,Instagram,90k IG (Influencer Hero 2026),clinical herbalist / hormone health,A,Board-certified clinical herbalist - credible on actives and dosing; verify TikTok before outreach,IG DM,https://www.influencer-hero.com/top-influencers/top-80-herbal-supplements-influencers-in-the-us,2026-09-12
@doctahbsirius,Instagram,71k IG (Influencer Hero 2026),natural product formulator / herbalist,A,Formulator who talks ingredient sourcing - strongest 'what is on the label' fit; verify TikTok,IG DM,https://www.influencer-hero.com/top-influencers/top-80-herbal-supplements-influencers-in-the-us,2026-09-12
@inonaround,Instagram,27k IG (Influencer Hero 2026),non-toxic brand vetting,A,Whole channel is vetting brands and ingredient lists - ideal for a transparency-led launch; verify TikTok,IG DM,https://www.influencer-hero.com/top-influencers/top-80-herbal-supplements-influencers-in-the-us,2026-09-12
@drewshealthshop,Instagram,139k IG (Influencer Hero 2026),biohacker / herbalist supplements,A,Biohacker reviewing natural supplements - lion's mane native; verify TikTok,IG DM,https://www.influencer-hero.com/top-influencers/top-80-herbal-supplements-influencers-in-the-us,2026-09-12
@thedetoxedlife,Instagram,74k IG (Influencer Hero 2026),holistic nutrition / clean living,A,Clean-label nutritionist audience; verify TikTok,IG DM,https://www.influencer-hero.com/top-influencers/top-80-herbal-supplements-influencers-in-the-us,2026-09-12
@sustainablehealthwithsara,Instagram,59k IG (Influencer Hero 2026),RN / women's hormone optimization,A,RN on hormone optimization - saffron and magnesium fit; verify TikTok,IG DM,https://www.influencer-hero.com/top-influencers/top-80-herbal-supplements-influencers-in-the-us,2026-09-12
@holistically.anne.marie,Instagram,82k IG (Influencer Hero 2026),pediatric ICU RN / holistic family health,A,ICU nurse doing holistic family health - high trust; verify TikTok,IG DM,https://www.influencer-hero.com/top-influencers/top-80-herbal-supplements-influencers-in-the-us,2026-09-12
@the_raw_herbalist,Instagram,37k IG (Influencer Hero 2026),raw plant-based / juicing,A,Raw plant-based juicing audience - core sea moss buyer; verify TikTok,IG DM,https://www.influencer-hero.com/top-influencers/top-80-herbal-supplements-influencers-in-the-us,2026-09-12
@angeleswellness,Instagram,74k IG (Influencer Hero 2026),organic herbal supplements / cleansing,A,Already sells the herbal-supplement story to her audience; verify TikTok,IG DM,https://www.influencer-hero.com/top-influencers/top-80-herbal-supplements-influencers-in-the-us,2026-09-12
@live.love.juice_,Instagram,20k IG (Influencer Hero 2026),herbal supplements / juice bar,A,Atlanta herbal supplement and juice operator - sea moss adjacency; verify TikTok,IG DM,https://www.influencer-hero.com/top-influencers/top-80-herbal-supplements-influencers-in-the-us,2026-09-12
@maryblueherbalist,Instagram,95k IG (Influencer Hero 2026),herbal education,B,"Herb educator, ingredient-literate audience; verify TikTok",IG DM,https://www.influencer-hero.com/top-influencers/top-80-herbal-supplements-influencers-in-the-us,2026-09-12
@rowanandsage,Instagram,51k IG (Influencer Hero 2026),community herbalism / apothecary,B,Apothecary owner in Atlanta; verify TikTok,IG DM,https://www.influencer-hero.com/top-influencers/top-80-herbal-supplements-influencers-in-the-us,2026-09-12
@lipwhippedd,Instagram,32k IG (Influencer Hero 2026),clinical herbalist,B,Clinical herbalist making custom products; verify TikTok,IG DM,https://www.influencer-hero.com/top-influencers/top-80-herbal-supplements-influencers-in-the-us,2026-09-12
@plantifullylauren,Instagram,26k IG (Influencer Hero 2026),herbalist educator,B,Nano herbal educator; verify TikTok,IG DM,https://www.influencer-hero.com/top-influencers/top-80-herbal-supplements-influencers-in-the-us,2026-09-12
@feelgoodwithfi,Instagram,35k IG (Influencer Hero 2026),holistic health / women's health,B,Real-food women's health coach; verify TikTok,IG DM,https://www.influencer-hero.com/top-influencers/top-80-herbal-supplements-influencers-in-the-us,2026-09-12
@wildlyprimal,Instagram,68k IG (Influencer Hero 2026),functional lab testing,B,Data-and-labs audience reads supplement facts panels; verify TikTok,IG DM,https://www.influencer-hero.com/top-influencers/top-80-herbal-supplements-influencers-in-the-us,2026-09-12
@wellbybell,Instagram,100k IG (Influencer Hero 2026),gut healing,B,Gut-healing lane for sea moss; verify TikTok,IG DM,https://www.influencer-hero.com/top-influencers/top-80-herbal-supplements-influencers-in-the-us,2026-09-12
@breezy.wellness,Instagram,16k IG (Influencer Hero 2026),functional medicine & nutrition,B,Functional-medicine nano practitioner; verify TikTok,IG DM,https://www.influencer-hero.com/top-influencers/top-80-herbal-supplements-influencers-in-the-us,2026-09-12
@ashun_wren_wellness,Instagram,11k IG (Influencer Hero 2026),holistic wellness / hormones,B,Hormone-focused nano coach; verify TikTok,IG DM,https://www.influencer-hero.com/top-influencers/top-80-herbal-supplements-influencers-in-the-us,2026-09-12
@thechiababe,Instagram,13k IG (Influencer Hero 2026),holistic nutrition,B,Nano holistic nutritionist; verify TikTok,IG DM,https://www.influencer-hero.com/top-influencers/top-80-herbal-supplements-influencers-in-the-us,2026-09-12
@tasharose.herbalist,Instagram,11k IG (Influencer Hero 2026),organic herbal supplements,B,Herbal supplement nano creator; verify TikTok,IG DM,https://www.influencer-hero.com/top-influencers/top-80-herbal-supplements-influencers-in-the-us,2026-09-12
@agingbackwardswellness,Instagram,64k IG (Influencer Hero 2026),autoimmune / chronic illness,B,Chronic-illness wellness audience; verify TikTok,IG DM,https://www.influencer-hero.com/top-influencers/top-80-herbal-supplements-influencers-in-the-us,2026-09-12
@itsstefanistewart,Instagram,129k IG (Influencer Hero 2026),metabolism dietitian,B,RD credibility for dosage talk; verify TikTok,IG DM,https://www.influencer-hero.com/top-influencers/top-80-herbal-supplements-influencers-in-the-us,2026-09-12
@sunpeople_1,Instagram,126k IG (Influencer Hero 2026),plant-based health,B,Plant-based health audience; verify TikTok,IG DM,https://www.influencer-hero.com/top-influencers/top-80-herbal-supplements-influencers-in-the-us,2026-09-12
@ritualofheart,Instagram,127k IG (Influencer Hero 2026),herbalism / ritual,B,Ritual framing suits an evening magnesium stick; verify TikTok,IG DM,https://www.influencer-hero.com/top-influencers/top-80-herbal-supplements-influencers-in-the-us,2026-09-12
@thehealher,Instagram,138k IG (Influencer Hero 2026),herbalism / energy healing,B,Black wellness herbalist audience; verify TikTok,IG DM,https://www.influencer-hero.com/top-influencers/top-80-herbal-supplements-influencers-in-the-us,2026-09-12
@andreabeaman,Instagram,20k IG (Influencer Hero 2026),natural foods chef / herbalist,B,Food-and-herbs nano creator; verify TikTok,IG DM,https://www.influencer-hero.com/top-influencers/top-80-herbal-supplements-influencers-in-the-us,2026-09-12
@whitesugarrebel,Instagram,360k IG (Influencer Hero 2026),ingredient expert / herbalist,C,Ingredient-label expert - perfect message fit but above our size band; verify TikTok,IG DM,https://www.influencer-hero.com/top-influencers/top-80-herbal-supplements-influencers-in-the-us,2026-09-12
